ΤΙΤΛΟΣ,ΛΟΓΟΚΡΙΣΙΑ,ΚΑΤΗΓΟΡΙΑ,ΥΠΟΚΑΤΗΓΟΡΙΑ,ΠΕΡΙΓΡΑΦΗ,ΑΝΑΠΑΡΑΣΤΑΣΗ,ΠΕΡΙΟΔΟΣ,ΧΡΟΝΟΣ,ΦΥΛΟ,ΕΓΚΑΤΑΣΤΑΣΗ,ΕΤΟΣ,ΔΕΚΑΕΤΙΑ,ΕΙΔΟΣ,ΔΗΜΙΟΥΡΓΟΣ,ΚΑΤΑΓΩΓΗ,ΦΟΡΕΑΣ,ΕΠΙΓΡΑΜΜΑ,ΥΛΙΚΟ,ΥΛΙΚΟ-ΠΕΡΙΓΡΑΦΗ,ΤΟΠΟΘΕΣΙΑ,ΚΑΤΕΥΘΥΝΣΗ,ΤΟΠΟΘΕΣΙΑ,ΕΙΚΟΝΑ,ΜΙΚΡΟΓΡΑΦΙΑ,ΣΥΝΤΕΤΑΓΜΕΝΕΣ
ΑΓΓΕΛΟΠΟΥΛΟΣ ΘΕΟΔΩΡΟΣ,ψυχρό,ΕΠΙΣΤΗΜΕΣ-ΠΟΛΙΤΙΣΜΟΣ-ΤΕΧΝΕΣ,ΤΕΧΝΗ,"Ο Θόδωρος Αγγελόπουλος (Αθήνα, 27 Απριλίου 1935 - 24 Ιανουαρίου 2012) ήταν Έλληνας σκηνοθέτης, σεναριογράφος και παραγωγός κινηματογράφου. Έχει τιμηθεί με βραβεία στην Ελλάδα και το εξωτερικό για την προσφορά του στον κινηματογράφο, με σπουδαιότερο της καλύτερης ταινίας με τον Χρυσό Φοίνικα στο Φεστιβάλ των Καννών το 1998 για την ταινία Μία αιωνιότητα και μία μέρα. Ανάμεσα στις πιο γνωστές ταινίες του είναι: Τοπίο στην Ομίχλη, Μία αιωνιότητα και μία μέρα, Ο Θίασος, Το Βλέμμα του Οδυσσέα και Ο Μεγαλέξαντρος.",ρεαλιστική,Νεότερη,20ός-21ος αι.,άνδρας,2017-02-01,2017,2011-2020,προτομή,Γκόλνα Χριστίνα,Φλώρινα,,«ΘΟΔΩΡΟΣ ΑΓΓΕΛΟΠΟΥΛΟΣ 1935-2012»,γύψος,,"Βρίσκεται στο φουαγέ του Πολιτιστικού Κέντρου Φλώρινας, δεξιά καθώς μπαίνουμε από την είσοδο.",βόρεια,εσωτερικός χώρος,http://www.learn4change.gr/files/statues-photos/800px/aggelopoulos.jpg,http://www.learn4change.gr/files/statues-photos/thumbnails/aggelopoulos.png,"40.78445614505267, 21.40621791786125"
ΑΓΡΟΤΕΣ,ψυχρό,ΕΝΝΟΙΕΣ,ΕΚΠΑΙΔΕΥΣΗ,Μνημείο αφιερωμένο στους αγρότες και τις αγρότισσες.,ρεαλιστική,Διαρκής,Διαρκής,άνδρας+γυναίκα,1977-07-01,1977,1971-1980,αναθηματικός τοίχος,Βυζάντης Ηλίας,Φλώρινα,"Διεύθυνση Γεωργίας, χρηματοδότηση από το Γεωργικό Ταμείο",«Δεν φτάνει ο ήλιος μοναχά η γη σοδειά να δώσει / Χρειάζονται και άλλα πολλά και προ παντός η γνώση»,λαδομπογιά,Ζωγραφική σε λαμαρίνα με λαδομπογιά,"Ζωγραφική αναπαράσταση αναρτημένη στον βορεινό τοίχο του Κέντρου <i>Δήμητρα</i>, στα δυτικά της πόλης απέναντι από την είσοδο του κεντρικού κτιρίου της Σχολής Γεωπονικών Επιστημών.",βόρεια,κτίριο,http://www.learn4change.gr/files/statues-photos/800px/agrotes.jpg,http://www.learn4change.gr/files/statues-photos/thumbnails/agrotes.png,"40.778811, 21.387334"
ΑΠΕΛΕΥΘΕΡΩΣΗ ΤΗΣ ΦΛΩΡΙΝΑΣ 1912,ψυχρό,ΕΝΝΟΙΕΣ,ΕΛΕΥΘΕΡΙΑ,"Μνημείο αφιερωμένο στην Απελευθέρωση της Φλώρινας από τους Οθωμανούς το 1912. Στο ψηφιδωτό εικονίζεται ιερέας να παραδίδει το κλειδί της πόλης στον αρχιστράτηγο της ελληνικής στρατιάς, διάδοχο Κωνσταντίνο. Πίσω του στέκονται δυο Έλληνες αξιωματικοί, ενώ πίσω από τον ιερέα στέκουν νεαρός άνδρας με ευρωπαϊκή ενδυμασία και ηλικιωμένος Οθωμανός.",ρεαλιστική,Νεότερη,20ός αι.,άνδρας,2012-11-08,2012,2011-2020,αναθηματικός τοίχος,Μοναχές Παναγίας του Έβρου,Έβρος;,"Μητρόπολη Φλωρίνης, Πρεσπών και Εορδαίας  - Δαπάναις της Περιφερειακής Ενότητος Φλωρίνης",«Η ΑΠΕΛΕΥΘΕΡΩCΗ ΤΗC ΦΛΩΡΙΝΑC 1912»,μάρμαρο,Ψηφιδωτό σε μαρμάρινη βάση με ανάγλυφο το αστέρι της Βεργίνας,"Βρίσκεται στον αύλειο χώρο του Μητροπολιτικού Μεγάρου, δεξιά από τις σκάλες και κοιτάζει βόρεια προς την Οδό Μητροπόλεως. Αριστερά από τις σκάλες υπάρχει η προτομή του μητροπολίτη Αυγ. Καντιώτη, ενώ στη νότια πλευρά του ναού του Αγίου Παντελεήμονα υπάρχει άγαλμα ορθόδοξου κληρικού.",βόρεια,αυλή,http://www.learn4change.gr/files/statues-photos/800px/paradosi.jpg,http://www.learn4change.gr/files/statues-photos/thumbnails/paradosi.png,"40.778525, 21.405911"
ΑΡΙΣΤΟΤΕΛΗΣ,ψυχρό,ΕΠΙΣΤΗΜΕΣ-ΠΟΛΙΤΙΣΜΟΣ-ΤΕΧΝΕΣ,ΦΙΛΟΣΟΦΙΑ,Ο Αριστοτέλης (384 π.Χ. - 322 π.Χ.) ήταν αρχαίος Έλληνας φιλόσοφος και πολυεπιστήμονας.,ρεαλιστική,Κλασική,4ος αι. π.Χ.,άνδρας,2013-05-01,2013,2011-2020,ανδριάντας,Δογούλης Νικόλας,Φλώρινα,Φ.Σ.Φ. <i>Αριστοτέλης</i> - Χορηγία οικογένειας Ρόζα,«Άνθρωπος του ειδέναι ορέγεται φύσει - Αριστοτέλης»,ορείχαλκος,"Ορειχάλκινος, σε μαρμάρινο βάθρο","Με όψη προς τα ανατολικά, αποτελεί μέρος μνημειακού συνόλου που βρίσκεται στο ανατολικό μέρος της Πλατείας Επτά Ηρώων, στην αυλή μπροστά από το κτίριο του Φ.Σ.Φ. <i>Ο Αριστοτέλης</i> και εν μέρει στην Πλατεία, μαζί με το Μνημείο των Επτά Ηρώων, την προτομή του Θεόδωρου Θωμαΐδη και το άγαλμα του νέου, έξω από την αυλή. ",ανατολικά,αυλή,http://www.learn4change.gr/files/statues-photos/800px/aristotelis.jpg,http://www.learn4change.gr/files/statues-photos/thumbnails/aristotelis.png,"40.777789, 21.40428"
ΑΡΙΣΤΟΤΕΛΗΣ Ο ΣΤΑΓΕΙΡΙΤΗΣ,ψυχρό,ΕΠΙΣΤΗΜΕΣ-ΠΟΛΙΤΙΣΜΟΣ-ΤΕΧΝΕΣ,ΦΙΛΟΣΟΦΙΑ,Ο Αριστοτέλης (384 π.Χ. - 322 π.Χ.) ήταν αρχαίος Έλληνας φιλόσοφος και πολυεπιστήμονας.,ρεαλιστική,Κλασική,4ος αι. π.Χ.,άνδρας,1969-07-01,1969,1961-1970,προτομή,Αντίγραφο,Άγνωστη,,«ΑΡΙΣΤΟΤΕΛΗΣ Ο ΣΤΑΓΕΙΡΙΤΗΣ»,ορείχαλκος,,"Βρίσκεται στο φουαγέ του Πολιτιστικού Κέντρου Φλώρινας, απέναντι από την είσοδο και δεξιά του ανάγλυφου που απεικονίζει τον ίδιο να διδάσκει τον Μέγα Αλέξαντρο.",νότια,εσωτερικός χώρος,http://www.learn4change.gr/files/statues-photos/800px/aristotelis1.jpg,http://www.learn4change.gr/files/statues-photos/thumbnails/aristotelis1.png,"40.78451199462292, 21.406213894547605"
ΑΡΚΟΥΔΑ,ψυχρό,ΕΝΝΟΙΕΣ,ΦΥΣΗ,"Η καφέ αρκούδα είναι θηλαστικό ζώο και στην Ελλάδα ζει κυρίως στις δυτικές και βορειοδυτικές περιοχές. Τρέφεται με φυτά, ψάρια, μέλι, πτηνά και τρωκτικά. Έχει οξεία όσφρηση και ασθενή όραση. Τα μικρά γεννιούνται τον χειμώνα, ζυγίζουν μερικές εκατοντάδες γραμμάρια και μένουν με την μητέρα τους πάνω από δύο χρόνια.",ρεαλιστική,Διαρκής,Διαρκής,χωρίς φύλο,2010-10-15,2010,2001-2010,άγαλμα,Δογούλης Νικόλας,Φλώρινα,Νομαρχία Φλώρινας,«Επί Νομάρχη Ιωάννη Βοσκόπουλου Οκτώβριος 2010»,ορείχαλκος,"Ορειχάλκινη, σε πέτρινο βάθρο.","Βρίσκεται στο νότιο και κεντρικό μέρος του πάρκου του Διοικητηρίου, με κατεύθυνση προς τα ανατολικά. Στην ίδια αυλή υπάρχουν οι προτομές του Κ. Κανάρη και  του Καπετάν Κώττα.",ανατολικά,πάρκο,http://www.learn4change.gr/files/statues-photos/800px/arkouda.jpg,http://www.learn4change.gr/files/statues-photos/thumbnails/arkouda.png,"40.781874, 21.408073"
ΒΕΝΙΖΕΛΟΣ ΕΛΕΥΘΕΡΙΟΣ,θερμό,ΠΟΛΙΤΙΚΗ,ΠΡΩΘΥΠΟΥΡΓΟΣ,Ο Ελευθέριος Βενιζέλος (1864-1936) ήταν πολιτικός που διετέλεσε πρωθυπουργός της Κρητικής Πολιτείας και επτά φορές πρωθυπουργός της Ελλάδας. Ως πολιτικός διαδραμάτισε σημαντικό ρόλο στο Κρητικό Ζήτημα καθώς και στα πολιτικά δρώμενα της Ελλάδας από το 1910 έως τον θάνατό του το 1936.,ρεαλιστική,Νεότερη,20ός αι.,άνδρας,2012-11-11,2012,2011-2020,προτομή,Τσώτσος Χρήστος,Φλώρινα,Ένωση Κρητών Ν. Φλώρινας,"«Ελευθέριος Κ. Βενιζέλος, 1864-1936, Πρωθυπουργός - Δημιουργός της νεότερης Ελλάδας, ""Ο πολιτικός ανήρ οφείλει να λέγη πάντοτε την αλήθειαν και προς τα άνω και προς τα κάτω.""»",ορείχαλκος,"Ορειχάλκινη, σε μαρμάρινο βάθρο","Βρίσκεται στην πλατεία Μεγάλου Αλεξάνδρου στην είσοδο της πόλης, δυτικά από τον Κύκλο. Κοιτάζει νότια. Στην ίδια Πλατεία βρίσκεται το άγαλμα της Αρκούδας Κοντράλτο και μια Επιτύμβια Στήλη της Ρωμαϊκής εποχής.",νότια,πλατεία,http://www.learn4change.gr/files/statues-photos/800px/venizelos.jpg,http://www.learn4change.gr/files/statues-photos/thumbnails/venizelos.png,"40.782469, 21.413644"
ΓΕΝΟΚΤΟΝΙΑ ΕΛΛΗΝΩΝ ΤΟΥ ΠΟΝΤΟΥ,θερμό,ΕΝΝΟΙΕΣ,ΓΕΝΟΚΤΟΝΙΑ,"Η Γενοκτονία των Ελλήνων του Πόντου αναφέρεται σε σφαγές και εκτοπισμούς εναντίον ελληνικών πληθυσμών στην περιοχή του Πόντου, που πραγματοποιήθηκαν από το κίνημα των Νεότουρκων κατά την περίοδο 1914-1923. Εκτιμάται ότι στοίχισε τη ζωή περίπου 326.000-382.000 Ελλήνων. Οι επιζώντες κατέφυγαν στην ΕΣΣΔ και στην Ελλάδα. Το 1994, η Βουλή των Ελλήνων αναγνώρισε τη Γενοκτονία και ψήφισε την ανακήρυξη της 19ης Μαϊου ως «Ημέρα Μνήμης της Γενοκτονίας των Ελλήνων του Πόντου».",συμβολική,Νεότερη,20ός αι.,άνδρας,1996-05-15,1996,1991-2000,άγαλμα,Χατζηβασιλειάδης Χάρης,Φλώρινα,Εύξεινος Λέσχη Φλώρινας,"«Απ' τη Γενοκτονία στην Αναγέννηση, Υπέρ της Γενοκτονίας 350000 Ελλήνων του Πόντου περίοδο 1916-1923, Εύξεινος Λέσχη Φλώρινας»",μάρμαρο,"Από λευκό μάρμαρο, σε μαρμάρινο βάθρο","Το μνημείο βρίσκεται στη βορειοδυτική γωνία της Πλατείας Μητροπολίτου Τραπεζούντος Χρυσάνθου, με πρόσοψη βόρεια προς τη λεωφόρο Κ. Καραμανλή, απέναντι από το 1ο Λύκειο Φλώρινας. Επί της λεωφόρου Κ. Καραμανλή βρίσκονται δύο προτομές μακεδονομάχων, του Ζώη και του Σούλιου, δύο μνημεία, για τη Γενοκτονία των Ποντίων και την Ελληνική Χωροφυλακή και η προτομή του Καστρισιανάκη, νεκρού του Εμφυλίου πολέμου.",βόρεια,πλατεία,http://www.learn4change.gr/files/statues-photos/800px/genoktonia.jpg,http://www.learn4change.gr/files/statues-photos/thumbnails/genoktonia.png,"40.78179, 21.401338"
ΓΡΗΓΟΡΙΟΥ ΣΤΕΦΑΝΟΣ,ψυχρό,ΕΝΟΠΛΗ ΒΙΑ,ΜΑΚΕΔΟΝΙΚΟΣ ΑΓΩΝΑΣ,"Ο Καπετάν Στέφος (Στέφανος Γρηγορίου) γεννήθηκε στο Μοναστήρι. Έδρασε ως οδηγός ανταρτικών ομάδων και οπλαρχηγός κατά τον Μακεδονικό αγώνα. Συμμετείχε στους Βαλκανικούς πολέμους, στον αγώνα των Βορειοηπειρωτών για ένωση με την Ελλάδα, στην ανακατάληψη της Φλώρινας το 1916 από τις δυνάμεις της Αντάντ, συγκρότησε ένοπλο σώμα για την αντιμετώπιση ομάδων Βούλγαρων κομιτατζήδων που δρούσαν ανεξέλεγκτα εντός της ελληνικής επικράτειας τη δεκαετία του 1920. Διετέλεσε αξιωματικός της Χωροφυλακής, περίοδος κατά την οποία κατηγορήθηκε για αυθαιρεσίες και πράξεις βίας με ίδιον όφελος. Ανέπτυξε αντιστασιακή δράση κατά την Κατοχή, ένωσε τις δυνάμεις του με αυτές του Ε.Λ.Α.Σ., αλλά δολοφονήθηκε από ελασίτες το 1943.",ρεαλιστική,Νεότερη,20ός αι.,άνδρας,1960-08-28,1960,1951-1960,προτομή,Μωραΐτης Πέτρος,Τήνος,Ερανική Επιτροπή Ανεγέρσεως Προτομών και Ανδριάντων Ν. Φλώρινας,«ΣΤΕΦΑΝΟΣ ΓΡΗΓΟΡΙΟΥ ΟΠΛΑΡΧΗΓΟΣ»,ορείχαλκος,"Από χαλκό, σε μαρμάρινο βάθρο",Βρίσκεται στη νησίδα επί της Οδού Σαρανταπόρου και έχει όψη νότια προς την Οδό Π. Μελά. Στο βόρειο άκρο της νησίδας βρίσκεται η προτομή του Π. Χρήστου.,νότια,νησίδα,http://www.learn4change.gr/files/statues-photos/800px/grigoriou.jpg,http://www.learn4change.gr/files/statues-photos/thumbnails/grigoriou.png,"40.780407, 21.409722 "
ΓΥΝΑΙΚΑ ΤΗΣ ΒΕΥΗΣ,ψυχρό,ΕΝΟΠΛΗ ΒΙΑ,ΜΑΚΕΔΟΝΙΚΟΣ ΑΓΩΝΑΣ,"Ανώνυμη γυναίκα που αγωνίζεται στον Μακεδονικό αγώνα. Το μνημείο είναι, επίσης, γνωστό με τα ονόματα Κόρη της Βεύης, Κόρη του Βορρά, Φλωρινιώτισσα.",συμβολική,Νεότερη,20ός αι.,γυναίκα,1964-07-01,1964,1961-1970,άγαλμα,Δογούλης Νικόλας,Φλώρινα,Ερανική Επιτροπή Ανεγέρσεως Προτομών και Ανδριάντων Ν. Φλώρινας,"«Δογούλης Νικόλας, Γλύπτης ο Φλωρινέος, εποίει, 1964, χαλκοτεχνίτες Αφοί Καρκαδούλια» [Σε χάλκινη πινακίδα στο βάθρο]",ορείχαλκος,Ορειχάλκινος ανδριάντας πάνω σε ογκόλιθο από γρανίτη,Βρίσκεται στο δυτικό άκρο του Πάρκου του Σιδηροδρομικού Σταθμού (Κάτω Μπουάτ) και έχει όψη δυτικά προς τη συμβολή των οδών Ι. Άρτη και Σιδ. Σταθμού.,δυτικά,πάρκο,http://www.learn4change.gr/files/statues-photos/800px/vevi.jpg,http://www.learn4change.gr/files/statues-photos/thumbnails/vevi.png,"40.781382, 21.413378"
ΔΟΣΙΟΥ ΜΙΧΑΗΛ - ΒΥΖΑΝΤΗΣ ΗΛΙΑΣ,ψυχρό,ΕΝΝΟΙΕΣ,ΠΡΟΣΦΟΡΑ,"Παρουσιάζει δύο μορφές: Μιχαήλ Γ. Δοσίου, φαρμακοποιός, 1885-1974, δωρητής κτήματος. Ηλίας Ι. Βυζάντης, ζωγράφος, 1910-1980, ιδρυτής Φ.Ο.Ο.Φ.",ρεαλιστική,Νεότερη,20ός αι.,άνδρας,2000-07-01,2000,1991-2000,στήλη,Δογούλης Νικόλας,Φλώρινα,-,"«Μιχαήλ Γ. Δοσίου, φαρμακοποιός, 1885-1974, δωρητής κτήματος. Ηλίας Ι. Βυζάντης, ζωγράφος, 1910-1980, ιδρυτής Φ.Ο.Ο.Φ.»",μάρμαρο,Μαρμάρινο ανάγλυφο σε μαρμάρινο βάθρο,"Βρίσκεται στην αυλή, στη νοτιοανατολική γωνία του τουριστικού περιπτέρου του Φυσιολατρικού Ορειβατικού Ομίλου Φλώρινας (Φ.Ο.Ο.Φ.).",νότια,αυλή,http://www.learn4change.gr/files/statues-photos/800px/dosiou-vyzantis.jpg,http://www.learn4change.gr/files/statues-photos/thumbnails/dosiou-vyzantis.png,"40.775252, 21.404006"
ΔΡΑΓΟΥΜΗΣ ΙΩΝ,ψυχρό,ΕΝΟΠΛΗ ΒΙΑ,ΜΑΚΕΔΟΝΙΚΟΣ ΑΓΩΝΑΣ,"Ο Ίων Δραγούμης (1878-1920) ήταν διπλωμάτης, πολιτικός και λογοτέχνης. Υπήρξε βασικός οργανωτής των ελληνικών κοινοτήτων κατά τον Μακεδονικό αγώνα. Υποστήριξε τη δημιουργία ενός πολυεθνικού ελληνικού κράτους, εκφραζόμενος από το 1908 εναντίον της Μεγάλης Ιδέας. Πρωταγωνίστησε στο γλωσσικό κίνημα του δημοτικισμού, ενώ με το συγγραφικό του έργο άσκησε σημαντική επιρροή στη διαμόρφωση της ελληνικής ιδεολογίας των αρχών του εικοστού αιώνα. Μετά την απόπειρα δολοφονίας του Ε. Βενιζέλου, ο Ίων Δραγούμης ως αντιβενιζελικός συνελήφθη και δολοφονήθηκε από στρατιωτικό σώμα ασφαλείας.",ρεαλιστική,Νεότερη,20ός αι.,άνδρας,2012-07-01,2012,2011-2020,προτομή,Δογούλης Νικόλας,Φλώρινα,-,"«Ιων. Στεφ. Δραγούμης, 1878-1920, Ο εθναπόστολος της Μακεδονίας, Μακεδονομάχος, Νομικός και Διπλωμάτης, Συγγραφεύς - Λογοτέχνης, Βουλευτής Φλωρίνης»",ορείχαλκος,"Ορειχάλκινη, σε μαρμάρινο βάθρο","Βρίσκεται στο βόρειο μέρος της Πλατείας Γ. Μόδη, μαζί τις προτομές του Λ. Πύρζα, Γ. Μόδη και Ν. Παπαδόπουλου και έχει όψη ανατολικά προς την οδό 25ης Μαρτίου.",ανατολικά,πλατεία,http://www.learn4change.gr/files/statues-photos/800px/dragoumis.jpg,http://www.learn4change.gr/files/statues-photos/thumbnails/dragoumis.png,"40.779435, 21.407539"
ΕΛΕΥΘΕΡΙΑ 1912,ψυχρό,ΕΝΝΟΙΕΣ,ΕΛΕΥΘΕΡΙΑ,Μνημείο αφιερωμένο στην Απελευθέρωση της Φλώρινας από τους Οθωμανούς το 1912.,συμβολική,Νεότερη,20ός αι.,γυναίκα,2012-07-01,2012,2011-2020,άγαλμα,Δογούλης Νικόλας,Φλώρινα,"Δωρεά του καλλιτέχνη στον Δήμο Φλώρινας, με αφορμή τα 100 χρόνια από την ενσωμάτωση στον εθνικό κορμό.",«Ελευθερία 1912»,ορείχαλκος,Ορειχάλκινος ανδριάντας πάνω σε μαρμάρινο βάθρο,"Με όψη προς τα ανατολικά, αποτελεί μέρος ενός μνημειακού συνόλου που βρίσκεται στο νότιο - νοτιοδυτικό άκρο της Πλατείας Γ. Μόδη, μαζί με το Μνημείο Πεσόντων 1940-41 και τα Κανόνια.",ανατολικά,πλατεία,http://www.learn4change.gr/files/statues-photos/800px/eleftheria.jpg,http://www.learn4change.gr/files/statues-photos/thumbnails/eleftheria.png,"40.778995, 21.407535"
ΕΛΛΑΣ ΣΤΕΦΑΝΩΝΕΙ ΣΤΡΑΤΙΩΤΗ,ψυχρό,ΕΝΝΟΙΕΣ,ΤΙΜΗ,Μνημείο αφιερωμένο στον άγνωστο στρατιώτη.,συμβολική,Διαρκής,Διαρκής,άνδρας+γυναίκα,1965-07-01,1965,1961-1970,στήλη,Δογούλης Νικόλας,Φλώρινα,Ερανική Επιτροπή Ανεγέρσεως Προτομών και Ανδριάντων Ν. Φλώρινας,«Η ΕΛΛΑΣ ΣΤΕΦΑΝΩΝΕΙ ΣΤΡΑΤΙΩΤΗΝ»,μάρμαρο,"Ανάγλυφη στήλη από λευκό μάρμαρο, τοποθετημένη σε μαρμάρινη βάση.",Βρίσκεται στο κέντρο της Πλατείας Ηρώων με πρόσοψη βόρεια προς την Οδό Ηπείρου.,βόρεια,πλατεία,http://www.learn4change.gr/files/statues-photos/800px/stratiotis.jpg,http://www.learn4change.gr/files/statues-photos/thumbnails/stratiotis.png,"40.777921, 21.394742"
ΕΛΛΗΝΙΚΗ ΑΣΤΥΝΟΜΙΑ,ψυχρό,ΣΩΜΑΤΑ ΑΣΦΑΛΕΙΑΣ,ΜΝΗΜΗ,Στήλη αφιερωμένη στη μνήμη αστυνομικών που θυσιάστηκαν κατά την εκτέλεση του καθήκοντός τους.,συμβολική,Νεότερη,19ος-20ός αι.,χωρίς φύλο,2000-09-14,2000,1991-2000,στήλη,Άγνωστος,Άγνωστη,Προσφορά Νομαρχιακής Αυτοδιοίκησης Φλώρινας,«Στη μνήμη αστυνομικών που θυσιάστηκαν κατά την εκτέλεση του καθήκοντός τους»,μάρμαρο,Μαρμάρινη στήλη,"Το μνημείο είναι τοποθετημένο στην αυλή, στη βορειοδυτική γωνία του κτιρίου της Διεύθυνσης Αστυνομίας Φλώρινας με πρόσοψη προς τα δυτικά.",δυτικά,αυλή,http://www.learn4change.gr/files/statues-photos/800px/elliniki_astynomia.jpg,http://www.learn4change.gr/files/statues-photos/thumbnails/elliniki_astynomia.png,"40.79007, 21.415315"
ΕΠΙΤΥΜΒΙΑ ΣΤΗΛΗ 1,ψυχρό,ΕΠΙΣΤΗΜΕΣ-ΠΟΛΙΤΙΣΜΟΣ-ΤΕΧΝΕΣ,ΙΣΤΟΡΙΑ,"Πιστό αντίγραφο μαρμάρινης επιτύμβιας αετωματικής στήλης με παράσταση από αριστερά προς τα δεξιά, νεαρού δούλου και ιππέα με τον σκύλο του, μπροστά σε καθιστή σε δίφρο γυναίκα. Σε πρώτο επίπεδο βωμός και στο βάθος δέντρο με περιτυλιγμένο γύρω του φίδι. Στο αέτωμα κάνθαρος από τον οποίο βλασταίνουν κισσόφυλλα. 2ος-3ος αι. μ.Χ. Βρέθηκε στη Βεύη. Εκτίθεται στο Αρχαιολογικό Μουσείο Φλώρινας.",συμβολική,Ρωμαϊκή,2ος αι.,άνδρας+γυναίκα,2005-11-05,2005,2001-2010,στήλη,Αντίγραφο,Άγνωστη,Δήμος Φλώρινας & ΙΖ' Εφορεία Προϊστορικών και Κλασικών Αρχαιοτήτων,,μάρμαρο,Μαρμάρινη στήλη,Βρίσκεται στο ανατολικό άκρο της νησίδας που εκτείνεται κατά μήκος της βόρειας πλευράς της Λ. Μακεδομάχων με πρόσοψη προς τα ανατολικά. Στο δυτικό άκρο της ίδιας νησίδας βρίσκεται η προτομή του Π. Τσάμη.,ανατολικά,νησίδα,http://www.learn4change.gr/files/statues-photos/800px/roman1.jpg,http://www.learn4change.gr/files/statues-photos/thumbnails/roman1.png,"40.782997, 21.410127"
ΕΠΙΤΥΜΒΙΑ ΣΤΗΛΗ 2,ψυχρό,ΕΠΙΣΤΗΜΕΣ-ΠΟΛΙΤΙΣΜΟΣ-ΤΕΧΝΕΣ,ΙΣΤΟΡΙΑ,"Πιστό αντίγραφο μαρμάρινης ανάγλυφης στήλης με παράσταση τεσσάρων μορφών. Από αριστερά προς τα δεξιά, νέος θωρακοφόρος με δόρυ και ξίφος, γενειοφόρος με ιμάτιο, σκήπτρο και φιάλη σπονδής, γυναίκα με χιτώνα, ιμάτιο, σκήπτρο και φιάλη και μικρότερη γυναικεία μορφή. Μέσα στο αψιδωτό αέτωμα δύο αντωπά φίδια που συγκρατούν με το στόμα τους ένα αυγό. Πιθανότατα οι τρεις αγαλματικές μορφές απεικονίζουν τον Αλέξανδρο Γ΄, τον Φίλιππο Β΄ και την Ολυμπιάδα. Μέσα 3ου αι. μ.Χ. Βρέθηκε στο Σκοπό. Εκτίθεται στο Αρχαιολογικό Μουσείο της Φλώρινας.",συμβολική,Ρωμαϊκή,3ος αι.,άνδρας+γυναίκα,2005-11-05,2005,2001-2010,στήλη,Αντίγραφο,Άγνωστη,Δήμος Φλώρινας & ΙΖ' Εφορεία Προϊστορικών και Κλασικών Αρχαιοτήτων,,μάρμαρο,Μαρμάρινη στήλη,"Βρίσκεται στην πλατεία Μεγάλου Αλεξάνδρου, αριστερά καθώς μπαίνουμε στην πόλη λίγα μέτρα πριν τον Κύκλο. Κοιτάζει ανατολικά. Στην ίδια Πλατεία βρίσκεται η προτομή του Ε. Βενιζέλου και η Κοντράλτο.",ανατολικά,πλατεία,http://www.learn4change.gr/files/statues-photos/800px/roman2.jpg,http://www.learn4change.gr/files/statues-photos/thumbnails/roman2.png,"40.7831, 21.415041"
ΕΠΙΤΥΜΒΙΑ ΣΤΗΛΗ 3,ψυχρό,ΕΠΙΣΤΗΜΕΣ-ΠΟΛΙΤΙΣΜΟΣ-ΤΕΧΝΕΣ,ΙΣΤΟΡΙΑ,"Πιστό αντίγραφο μαρμάρινης επιτύμβιας στήλης με παράσταση ιππέα δεξιά ενός βωμού, που συμμετέχει σε τελετουργία σπονδής. Αριστερά του βωμού γυναικεία μορφή με οινοχόη και δυο μικρότερες μορφές πίσω της.<br>Η συμμετοχή των μορφών στην τελετουργία της σπονδής δηλώνει την επισφράγιση μιας υποδοχής ή προπομπής. Ο ήρωας νεκρός παρουσιάζεται στο τέλος ενός ταξιδιού και σπένδει για να ανταποδώσει τον χαιρετισμό σ' αυτούς που τον καλωσορίζουν.<br>Περίπου 330 π.Χ.<br>Αρ. Μουσείου Φλώρινας 104.",συμβολική,Κλασική,4ος αι. π.Χ.,άνδρας+γυναίκα,2005-07-01,2005,2001-2010,στήλη,Αντίγραφο,Άγνωστη,Δήμος Φλώρινας & ΙΖ' Εφορεία Προϊστορικών και Κλασικών Αρχαιοτήτων,,μάρμαρο,Μαρμάρινη στήλη,Βρίσκεται στην αυλή του Δημαρχιακού Μεγάρου της πόλης με πρόσοψη προς τα δυτικά.,δυτικά,αυλή,http://www.learn4change.gr/files/statues-photos/800px/roman3.jpg,http://www.learn4change.gr/files/statues-photos/thumbnails/roman3.png,"40.778581486942436, 21.401552140580094"
ΕΠΤΑ ΗΡΩΕΣ,ψυχρό,ΕΝΝΟΙΕΣ,ΘΥΣΙΑ,"Η πλατεία που βρίσκεται ανατολικά του κτιρίου του Φ.Σ.Φ. <i>Ο Αριστοτέλης</i>, είναι αφιερωμένη στη μνήμη επτά νέων Φλωρινιωτών.
Τον Ιανουάριο του 1944, επτά νεαροί από τη Φλώρινα, μέλη του συλλόγου <i>Ο Αριστοτέλης</i>, αποφάσισαν να ενταχθούν στην αντίσταση κατά των δυνάμεων κατοχής. Εγκατέλειψαν τη Φλώρινα και κατευθύνθηκαν προς την περιοχή των Πρεσπών. Κοντά στο χωριό Λαιμός συνελλήφθησαν από στρατιώτες του βουλγαρικού στρατού και μεταφέρθηκαν στη γειτονική (τότε) Γιουγκοσλαβία. Εκεί υποχρεώθηκαν να σκάψουν ομαδικό τάφο, στη συνέχεια βασανίστηκαν μέχρι θανάτου και τα σώματά τους ρίχτηκαν στον τάφο που μόλις είχαν σκάψει.
Τα οστά τους παρέμειναν εκτός Ελλάδας για δεκαετίες. Το 1978 πραγματοποιήθηκε η εκταφή τους με τη συνεργασία των αρχών της τότε Γιουγκοσλαβίας και τη συμμετοχή ελληνικών διπλωματικών υπηρεσιών. 
Στις 15 Ιανουαρίου 1978 τα οστά μεταφέρθηκαν στην Ελλάδα μέσω του συνοριακού σταθμού της Νίκης και παραδόθηκαν σε τοπικές αρχές. Ακολούθησε μεταφορά των οστών στη Φλώρινα, τέλεση επιμνημόσυνης τελετής και τοποθέτησή τους στο οστεοφυλάκιο του Στρατιωτικού Νεκροταφείου Φλώρινας.",συμβολική,Νεότερη,20ός αι.,άνδρας,1990-07-01,1990,1981-1990,αναθηματικός τοίχος,Ρόμπης Τηλέμαχος,Φλώρινα,Φιλεκπαιδευτικός Σύλλογος Φλώρινας <i>Ο Αριστοτέλης</i>,«ΝΕΟΙ ΑΡΙΣΤΟΤΕΛΙΚΟΙ ΦΙΛΟΙ ΤΗΣ ΟΡΕΙΒΑΣΙΑΣ ΕΠΛΗΡΩΣΑΝ ΜΕ ΤΗΝ ΖΩΗ ΠΟΘΟΝ ΕΛΕΥΘΕΡΙΑΣ<br>ΓΑΖΙΝΟΣ ΔΗΜ. ΚΩΝ/ΝΟΣ Ετών 20<br>ΛΟΥΚΙΔΗΣ ΠΑΝΤ. ΓΕΩΡΓΙΟΣ Ετών 19<br>ΜΑΡΚΟΥ ΛΑΖ. ΠΕΤΡΟΣ Ετών 20<br>ΣΕΧΙΔΗΣ ΧΑΡΑΛ. ΓΕΩΡΓΙΟΣ Ετών 20<br>ΣΤΕΦΑΝΙΔΗΣ ΗΛ. ΛΑΣΚΑΡΗΣ Ετών 20<br>ΤΑΝΟΣ ΠΕΡ. ΔΗΜΗΤΡΙΟΣ Ετών 19<br>ΧΑΤΖΗΠΡΟΔΡΟΜΟΥ ΔΙΟΝ. ΣΥΜΕΩΝ Ετών 19»,σίδηρος,"Ανάγλυφη παράσταση από μάρμαρο, χαλκό, ψηφίδες ασβέστη, άμμο λατομείου.","Με όψη προς τα ανατολικά, αποτελεί μέρος μνημειακού συνόλου που βρίσκεται στο ανατολικό μέρος της Πλατείας Επτά Ηρώων, στην αυλή μπροστά από το κτίριο του Φ.Σ.Φ. <i>Ο Αριστοτέλης</i>  και εν μέρει στην Πλατεία, μαζί με τον ανδριάντα του Αριστοτέλη, την προτομή του Θεόδωρου Θωμαΐδη και το άγαλμα του Σακουλέβα, έξω από την αυλή. ",ανατολικά,αυλή,http://www.learn4change.gr/files/statues-photos/800px/7iroes.jpg,http://www.learn4change.gr/files/statues-photos/thumbnails/7iroes.png,"40.777901, 21.40413"
ΕΦΕΔΡΟΣ ΑΞΙΩΜΑΤΙΚΟΣ,ψυχρό,ΕΝΝΟΙΕΣ,ΤΙΜΗ,Το μνημείο αποδίδει τιμή στην έννοια του έφεδρου αξιωματικού. Ανεγέρθηκε μετά από απόφαση του Συνδέσμου Εφέδρων Αξιωματικών Φλώρινας.,ρεαλιστική,Διαρκής,Διαρκής,άνδρας,1998-11-07,1998,1991-2000,στήλη,Δογούλης Νικόλας,Φλώρινα,Σύνδεσμος Εφέδρων Αξιωματικών και Ανθυπασπιστών Φλώρινας (χορηγία Πρ. Εμφιετζόγλου & Δήμαρχος Δ. Στύλου & ΣΕΕΑΝ),«ΕΛΛΑΣ ΔΕ ΕΣΤΙ ΚΑΙ Η ΜΑΚΕΔΟΝΙΑ»,ορείχαλκος,"Ανάγλυφη στήλη κατασκευασμένη από ορείχαλκο, σε τσιμεντοκατασκευή επενδεδυμένη με μάρμαρο και στηριζόμενη σε ορθοστάτη",Βρίσκεται στο κέντρο της Πλατείας Εφέδρων Αξιωματικών με πρόσοψη βόρεια προς την οδό Αυγουστίνου Καντιώτη.,βόρεια,πλατεία,http://www.learn4change.gr/files/statues-photos/800px/efedros.jpg,http://www.learn4change.gr/files/statues-photos/thumbnails/efedros.png,"40.778051, 21.410052"
ΖΩΗΣ ΑΝΤΩΝΙΟΣ,ψυχρό,ΕΝΟΠΛΗ ΒΙΑ,ΜΑΚΕΔΟΝΙΚΟΣ ΑΓΩΝΑΣ,"Ο Καπετάν Ζώης, ψευδώνυμο του Αντώνιου Ζώη (1869-1941), καταγόταν από το Μοναστήρι. Υπήρξε οπλαρχηγός στον Μακεδονικό αγώνα και ανέπτυξε δράση στην περιοχή του Μοριβόχου. Μετά την Απελευθέρωση του 1912 έζησε στη Φλώρινα, όπου και αυτοκτόνησε το 1941.",ρεαλιστική,Νεότερη,20ός αι.,άνδρας,1960-08-28,1960,1951-1960,προτομή,Χατζή Αλίκη,Φλώρινα,Δήμος Φλώρινας [στην καρτέλα του Μουσείου Μακ. Αγώνα αναφέρεται ότι η πρωτοβουλία ανήκει στην Ερανική Επιτροπή Ανεγέρσεως Προτομών και Ανδριάντων Ν. Φλώρινας],«ΑΝΤΩΝΙΟΣ ΖΩΗΣ ΜΑΚΕΔΟΝΟΜΑΧΟΣ»,μάρμαρο,"Από λευκό μάρμαρο, σε μαρμάρινο βάθρο","Κινούμενοι προς τα δυτικά επί της λεωφόρου Κ. Καραμανλή, μετά τη συμβολή με την οδό Δήμητρας, στην αρχή της πρώτης διαχωριστικής νησίδας αντικρίζουμε την προτομή του Α. Ζώη που κοιτάζει προς τα ανατολικά. Επί της λεωφόρου Κ. Καραμανλή βρίσκονται δύο προτομές μακεδονομάχων, του Ζώη και του Σούλιου, δύο μνημεία, για τη Γενοκτονία των Ποντίων και την Ελληνική Χωροφυλακή και η προτομή του Καστρισιανάκη.",ανατολικά,νησίδα,http://www.learn4change.gr/files/statues-photos/800px/zois.jpg,http://www.learn4change.gr/files/statues-photos/thumbnails/zois.png,"40.783044, 21.405484"
ΘΝΗΣΚΩΝ ΠΟΛΕΜΙΣΤΗΣ,θερμό,ΕΝΝΟΙΕΣ,ΤΙΜΗ,"Ορειχάλκινη κυβιστική σύνθεση, που παριστάνει τον πληγωμένο πολεμιστή, χωρίς συγκεκριμένη μορφή. Δημιουργήθηκε ως μνημείο του αγνώστου στρατιώτη ή των πεσόντων στην πόλη της Φλώρινας. Οι Φλωρινιώτες δέχθηκαν σιωπηλά το έργο, καθώς υπήρξε αντίδραση από τον μητροπολίτη Αυγουστίνο Καντιώτη, ο οποίος δήλωσε πως δεν έχει τίποτε πατριωτικό επάνω του, το χαρακτήρισε αφηρημένη τέχνη, χωρίς κανένα ελληνικό στοιχείο, το οποίο θα μπορούσε να τοποθετηθεί οπουδήποτε αλλού στον κόσμο. Ζήτησε την ανέγερση νέου μνημείου έλληνα ήρωα. Ο Θνήσκων Πολεμιστής, μαζί με το άλλο έργο του Δημήτρη Καλαμάρα, τον Καπετάν Κώττα, βρέθηκε στια αποθήκες του Δήμου για αρκετά χρόνια. Επανατοποθετήθηκαν δίπλα το ένα στο άλλο και τα δύο στο Νέο Παρκο της Φλώρινας το 2006.",συμβολική,Διαρκής,Διαρκής,άνδρας,1971-11-08,1971,1971-1980,άγαλμα,Καλαμάρας Δημήτρης,Φλώρινα,Ερανική Επιτροπή Ανεγέρσεως Προτομών και Ανδριάντων Ν. Φλώρινας,-,ορείχαλκος,"Ορειχάλκινος, με βάση από πωρόλιθο","Βρίσκεται στο νοτιοδυτικό άκρο του Νέου Πάρκου, μαζί με τον ανδριάντα του Μακεδονομάχου Κώττα. Αρχικά είχε τοποθετηθεί στην Πλατεία Γ. Μόδη (παλαιότερα Ομονοίας), το 1993 μετακινήθηκε, βρέθηκε στις αποθήκες του Δήμου και το 2002 τοποθετήθηκε στο Νέο Πάρκο.",νότια,πάρκο,http://www.learn4change.gr/files/statues-photos/800px/thniskon.jpg,http://www.learn4change.gr/files/statues-photos/thumbnails/thniskon.png,"40.781455, 21.409274"
ΘΩΜΑΪΔΗΣ ΘΕΟΔΩΡΟΣ,ψυχρό,ΕΠΙΣΤΗΜΕΣ-ΠΟΛΙΤΙΣΜΟΣ-ΤΕΧΝΕΣ,ΜΟΥΣΙΚΗ,"Ο Θεόδωρος Θωμαΐδης υπήρξε μαέστρος της χορωδίας του Φ.Σ.Φ. <i>Αριστοτέλης</i> της Φλώρινας. Απαγχονίστηκε, μαζί με άλλους 14, από τα γερμανικά στρατεύματα Κατοχής στις 9 Αυγούστου 1943 κοντά στο χωριό Κλαδοράχη Φλώρινας.",ρεαλιστική,Νεότερη,20ός αι.,άνδρας,2021-07-01,2021,2021-2030,προτομή,Γκόλνα Χριστίνα,Φλώρινα,Φιλεκπαιδευτικός Σύλλογος Φλώρινας <i>Ο Αριστοτέλης</i>,,ορείχαλκος,"Ορειχάλκινη, σε μαρμάρινο βάθρο","Με όψη προς τα νότια, αποτελεί μέρος μνημειακού συνόλου που βρίσκεται στο ανατολικό μέρος της Πλατείας Επτά Ηρώων, στην αυλή μπροστά από το κτίριο του Φ.Σ.Φ. <i>Ο Αριστοτέλης</i>  και εν μέρει στην Πλατεία, μαζί με τον ανδριάντα του Αριστοτέλη, το μνημείο των Επτά Ηρώων και το άγαλμα του νέου (ποταμός Σακουλέβας), έξω από την αυλή. ",νότια,αυλή,https://www.learn4change.gr/files/statues-photos/800px/thomaidis.jpg,https://www.learn4change.gr/files/statues-photos/thumbnails/thomaidis.png,"40.777851164414464, 21.404148973562226"
ΙΩΑΝΝΙΔΗΣ ΙΩΑΝΝΗΣ,ψυχρό,ΕΝΟΠΛΗ ΒΙΑ,ΜΑΚΕΔΟΝΙΚΟΣ ΑΓΩΝΑΣ,"Ο Ιωάννης Ιωαννίδης από την Κιουτάχεια της Μικράς Ασίας, το 1904 έρχεται στο Τσοτύλι για να συνεχίσει τις σπουδές του στο Γυμνάσιο  Τσοτυλίου. Συμμετέχει στον Μακεδονικό αγώνα με το σώμα του οπλαρχηγού Σκαλίδη στην περιοχή Μοριχόβου. Σκοτώθηκε, όπως και όλο το σώμα του Σκαλίδη, κατά τη διάρκεια μάχης με Οθωμανούς στρατιώτες το 1906.",ρεαλιστική,Νεότερη,20ός αι.,άνδρας,1976-12-05,1976,1971-1980,προτομή,Μηνόπουλος Θανάσης,Φλώρινα,Σύλλογος Κιουταχειωτών Φλώρινας,«ΙΩΑΝΝΗΣ ΙΩΑΝΝΙΔΗΣ ΕΚ ΚΙΟΥΤΑΧΕΙΑΣ Μ. ΑΣΙΑΣ ΜΑΚΕΔΟΝΟΜΑΧΟΣ 1905-1906»,ορείχαλκος,"Ορειχάλκινη, σε μαρμάρινο βάθρο",Βρίσκεται στη διασταύρωση των οδών Κιουταχείας & Μαγνησίας και έχει όψη προς τα νότια.,νότια,νησίδα,http://www.learn4change.gr/files/statues-photos/800px/ioannidis.jpg,http://www.learn4change.gr/files/statues-photos/thumbnails/ioannidis.png,"40.780371, 21.40042"
ΚΑΝΑΡΗΣ ΚΩΝΣΤΑΝΤΙΝΟΣ ,ψυχρό,ΕΝΟΠΛΗ ΒΙΑ,ΕΠΑΝΑΣΤΑΣΗ 1821,"Ο Κωνσταντίνος Κανάρης (1793-1877) ήταν σπουδαία μορφή του ναυτικού αγώνα κατά την Ελληνική Επανάσταση του 1821 και μετέπειτα ναύαρχος και πολιτικός. Διετέλεσε πέντε φορές πρωθυπουργός της Ελλάδας. Η προτομή αποτελεί δωρεά του Πολεμικού Ναυτικού προς τον Δήμο της Φλώρινας, στο πλαίσιο της Ναυτικής Εβδομάς που πραγματοποιήθηκε στη Φλώρινα κατά το διάστημα 28 Ιουνίου ως 5 Ιουλίου του 1998. Τα αποκαλυπτήρια της προτομής έγιναν από τον αρχηγό του ΓΕΝ Ναύαρχο Ιωαννίδη στις 4 Ιουλίου του 1998.",ρεαλιστική,Νεότερη,19ος αι.,άνδρας,1998-07-04,1998,1991-2000,προτομή,Αντίγραφο,Άγνωστη,Πολεμικό Ναυτικό,«Δωρεά του Πολεμικού Ναυτικού στην πόλη της Φλώρινας σε ανάμνηση της Ναυτικής Εβδομάδας 1998»,ορείχαλκος,"Ορειχάλκινη, σε μαρμάρινο βάθρο. Γύρω από την προτομή υπάρχουν δύο άγκυρες, όπου αναγράφεται το έτος 1952.","Βρίσκεται στο κέντρο περίπου του πάρκου του Διοικητηρίου, με κατεύθυνση προς τα νότια. Στην ίδια αυλή υπάρχει το άγαλμα της Αρκούδας και η προτομή του Καπετάν Κώττα.",νότια,πάρκο,http://www.learn4change.gr/files/statues-photos/800px/kanaris.jpg,http://www.learn4change.gr/files/statues-photos/thumbnails/kanaris.png,"40.78204, 21.407568"
ΚΑΝΟΝΙΑ,θερμό,ΕΝΟΠΛΗ ΒΙΑ,ΕΜΦΥΛΙΟΣ ΠΟΛΕΜΟΣ,"Τα κανόνια ανήκαν στον Δημοκρατικό Στρατό Ελλάδας. Μετά τη μάχη της Φλώρινας στις 12 Φεβρουαρίου 1949 στην οποία νίκησε ο Εθνικός Στρατός, τα κανόνια περιήλθαν στην κατοχή του ως λάφυρα.",ρεαλιστική,Νεότερη,20ός αι.,χωρίς φύλο,1961-07-01,1961,1961-1970,τεχνούργημα,Αντίγραφο,Άγνωστη,-,,σίδηρος,Σίδηρος,"Με όψη προς τα ανατολικά, αποτελεί μέρος ενός μνημειακού συνόλου που βρίσκεται στο νότιο - νοτιοδυτικό άκρο της Πλατείας Γ. Μόδη, μαζί με τον ανδριάντα για τα Ελευθέρια του 1912 και το Μνημείο Πεσόντων 1940-41.",ανατολικά,πλατεία,http://www.learn4change.gr/files/statues-photos/800px/kanonia.jpg,http://www.learn4change.gr/files/statues-photos/thumbnails/kanonia.png,"40.779055, 21.407373"
ΚΑΠΕΤΑΝ ΚΩΤΤΑΣ,ψυχρό,ΕΝΟΠΛΗ ΒΙΑ,ΜΑΚΕΔΟΝΙΚΟΣ ΑΓΩΝΑΣ,"Ο Ρίστο Κότε (Κωνσταντίνος - Κώττας Χρήστου) (1863-1905), ήταν οπλαρχηγός και πρωτεργάτης του Μακεδονικού αγώνα στην περιοχή των Κορεστείων.",ρεαλιστική,Νεότερη,20ός αι.,άνδρας,2001-10-14,2001,2001-2010,προτομή,Δογούλης Νικόλας,Φλώρινα,"Πολιτιστικός Σύλλογος Φίλων ""Καπετάν Κώττας"" & Νομαρχία Φλώρινας","«Είμαι Έλληνας, άπιστοι. Εγγόνι του Μέγα Αλέξανδρου. Εμένα σήμερα σκοτώνετε, αλλά μεγάλο το γένος μου και το γένος μου έρχεται να κάτσει στο ποδάρι μου και να κρατήσει. Μοναστήρι 27 Σεπτεμβρίου 1905»",ορείχαλκος,"Από χαλκό, σε μαρμάρινο βάθρο","Βρίσκεται στα ανατολικά του πάρκου του Διοικητηρίου, με κατεύθυνση προς τα νότια. Στην ίδια αυλή υπάρχει το άγαλμα της Αρκούδας και η προτομή του Κ. Κανάρη.",νότια,πάρκο,http://www.learn4change.gr/files/statues-photos/800px/kotas1.jpg,http://www.learn4change.gr/files/statues-photos/thumbnails/kotas1.png,"40.78203, 21.40829"
ΚΑΠΕΤΑΝ ΣΟΥΛΙΟΣ,ψυχρό,ΕΝΟΠΛΗ ΒΙΑ,ΜΑΚΕΔΟΝΙΚΟΣ ΑΓΩΝΑΣ,Ο Γεώργιος Σούλιος (1885-1927) ήταν οπλαρχηγός από την περιοχή της Κορυτσάς. Διακρίθηκε για τη συμμετοχή του στον Μακεδονικό και στον Βορειοηπειρωτικό αγώνα. Τον Μάρτιο του 1914 υπήρξε ένας από τους ηγέτες της αποτυχημένης εξέγερσης της Κορυτσάς.,ρεαλιστική,Νεότερη,20ός αι.,άνδρας,1962-08-26,1962,1961-1970,προτομή,Μηνόπουλος Θανάσης,Φλώρινα,"Δήμος Φλώρινας, χρηματοδότηση Μπάγκειος επιτροπή [στην καρτέλα του μνημείου: Επιτροπή Ανεγέρσεως Προτομών και Ανδριάντων Ν. Φλώρινας]","«Ανηγέρθη δαπάναις της δωρεάς του εκ Κορυτσάς εθνικού ευεργέτου Ιωάννου Μ. Μπάγκα, Κορυτσά 1814 - Αθήναι 1895»",ορείχαλκος,"Ορειχάλκινη, σε μαρμάρινο βάθρο","Κινούμενοι προς τα ανατολικά αμέσως μετά τη συμβολή της Λεωφόρου Κ. Καραμανλή με την Οδό Αριστοτέλους, στην αρχή της πρώτης διαχωριστικής νησίδας αντικρίζουμε την προτομή του Γ. Σούλιου που έχει όψη προς τα δυτικά. Επί της λεωφόρου Κ. Καραμανλή βρίσκονται δύο προτομές μακεδονομάχων, του Ζώη και του Σούλιου, δύο μνημεία, για τη Γενοκτονία των Ποντίων και την Ελληνική Χωροφυλακή και η προτομή του Καστρισιανάκη.",δυτικά,νησίδα,http://www.learn4change.gr/files/statues-photos/800px/soulios.jpg,http://www.learn4change.gr/files/statues-photos/thumbnails/soulios.png,"40.781082, 21.399018"
ΚΑΡΑΒΙΤΗΣ ΙΩΑΝΝΗΣ,ψυχρό,ΕΝΟΠΛΗ ΒΙΑ,ΜΑΚΕΔΟΝΙΚΟΣ ΑΓΩΝΑΣ,"Ο Ιωάννης Καραβίτης (1883-1949), γεννημένος στην Ανώπολη των Σφακίων Κρήτης, υπήρξε καπετάνιος επικεφαλής σώματος Κρητών και Μακεδόνων και κατέγραψε στα <i>Απομνημονεύματά</i> του όσα έζησε κατά τον Μακεδονικό αγώνα.",ρεαλιστική,Νεότερη,20ός αι.,άνδρας,1960-08-28,1960,1951-1960,προτομή,Κανακάκης Ιωάννης,Ρέθυμνο,Ερανική Επιτροπή Ανεγέρσεως Προτομών και Ανδριάντων Ν. Φλώρινας,«ΙΩΑΝΝΗΣ ΚΑΡΑΒΙΤΗΣ - ΕΞ ΑΝΩΠΟΛΕΩΣ ΣΦΑΚΙΩΝ ΚΡΗΤΗΣ - ΑΡΧΗΓΟΣ ΜΑΚΕΔΟΝΙΚΟΥ ΑΓΩΝΟΣ 1904-1908»,μάρμαρο,"Από λευκό μάρμαρο, σε μαρμάρινο βάθρο","Βρίσκεται στην τριγωνική νησίδα που σχηματίζουν οι οδοί Μ. Αλεξάνδρου, Κ. Πούλακα και Π. Νερέτης και έχει όψη βόρεια προς την Μ. Αλεξάνδρου.",βόρεια,νησίδα,http://www.learn4change.gr/files/statues-photos/800px/karavitis.jpg,http://www.learn4change.gr/files/statues-photos/thumbnails/karavitis.png,"40.778529, 21.403168"
ΚΑΣΤΑΝΟΣ ΘΕΟΔΩΡΟΣ,ψυχρό,ΕΠΙΣΤΗΜΕΣ-ΠΟΛΙΤΙΣΜΟΣ-ΤΕΧΝΕΣ,ΕΚΠΑΙΔΕΥΣΗ,"<p>Ο Θεόδωρος Κάστανος, του Ιωάννη και της Αικατερίνης, γεννήθηκε το 1888 στον Βροντάδο της Χίου. Καθώς οι γονείς και τα δυο του αδέλφια μεταναστεύουν στην Αυστραλία για οικονομικούς λόγους, ο Θεόδωρος μεγαλώνει με τη γιαγιά του και την οικογένεια του θείου. Τελειώνει το δημοτικό σχολείο του Βροντάδου το 1897/8 και το Ελληνικό Σχολείο το 1900. Συνεχίζει στο Γυμνάσιο της Χίου, απ’ όπου αποφοιτά το 1905 και στη συνέχεια μεταναστεύει στην Αίγυπτο για δυο περίπου χρόνια. Όταν επιστρέφει, εργάζεται ως δάσκαλος σε δημοτικά σχολεία της Χίου (Παρπαριά και Βίκι) μέχρι το 1912, ενώ μετά την απελευθέρωση της Χίου τον Νοέμβριο του 1912 κατατάσσεται ως εθελοντής στον ελληνικό στρατό και πολεμά στους Βαλκανικούς πολέμους. Κατόπιν λαμβάνει υποτροφία και μεταβαίνει στη Γερμανία για ανώτερες σπουδές: παιδαγωγική και φιλοσοφία στο πανεπιστήμιο της Ιένας (1913-1915), φιλοσοφία, παιδαγωγική και πειραματική ψυχολογία στο πανεπιστήμιο του Βερολίνου (1915-1918). Θα ανακηρυχθεί διδάκτορας φιλοσοφίας τον Νοέμβριο του 1919 και θα επιστρέψει στην Ελλάδα στις αρχές του 1920.</p><p>Τον Σεπτέμβριο του 1920 διορίζεται καθηγητής Παιδαγωγικών στο Διδασκαλείο Θηλέων Θεσσαλονίκης και την επόμενη χρονιά αναλαμβάνει τη θέση του διευθυντή στα Αρχιγένεια Εκπαιδευτήρια των Επιβατών της Ανατολικής Θράκης. Τον Σεπτέμβριο του 1922 συγχωνεύει και διευθύνει τα Αρχιγένεια Εκπαιδευτήρια και το Ζάππειο Ανώτερο Παρθεναγωγείο Αδριανουπόλεως με έδρα την Παλαιά Ορεστιάδα. Στη συνέχεια, μεταφέρει τα δύο εκπαιδευτικά ιδρύματα στην Αλεξανδρούπολη, όπου το 1923, μετά από προσωπικό του αγώνα, ιδρύεται το Διδασκαλείο Αλεξανδρούπολης το οποίο διευθύνει ως το 1925. Κατόπιν υπηρετεί ως διευθυντής στα Μονοτάξια Διδασκαλεία Καστοριάς (1925-1927) και Καρπενησίου (1927-1929) και το 1929 μετατίθεται στο Διδασκαλείο της Φλώρινας, όπου αρχικά υπηρετεί ως διευθυντής και κατόπιν ως υποδιευθυντής.</p><p>Στη Φλώρινα θα κορυφωθεί το εκπαιδευτικό του έργο, τόσο στο Διδασκαλείο και στα προσαρτημένα σε αυτό Πρότυπα Δημοτικά Σχολεία, όσο και με τη συμμετοχή του στα τοπικά εκπαιδευτικά συνέδρια της δημοτικής εκπαίδευσης, τη συνεργασία του με τους δασκάλους των σχολείων, τα άρθρα και τα δυο του βιβλία, Το Σχολείο Εργασίας στη θεωρία και στην πράξη (1929) και Η Απολογία του Σχολείου Εργασίας (1931), καθώς και με την έκδοση του περιοδικού Σχολείο Εργασίας. Εκτός από τη δράση του στα εκπαιδευτικά πράγματα, θα αναλάβει πρωτοβουλία για τη διάδοση των αθλημάτων της αντισφαίρισης (τένις) και της επιτραπέζιας αντισφαίρισης (πινγκ-πονγκ). Θα αναπτύξει φιλίες, όπως με τον Γιάννη Καλαϊτζίδη, δάσκαλο και κάτοικο Κάτω Κλεινών, συνεργάτη του στην έκδοση του περιοδικού και θα κάνει κουμπαριά με τον δάσκαλο της Βεύης Ιωάννη Κακαβά βαφτίζοντας τον γιο του.</p><p>Το μεταρρυθμιστικό εκπαιδευτικό του έργο, βασισμένο στις αρχές του εκπαιδευτικού δημοτικισμού και της Νέας Αγωγής, θα προκαλέσει την αντίδραση των αδρανών εκπαιδευτικών δυνάμεων. Θα του προσάψουν τις κατηγορίες του άθεου, του κομμουνιστή, του ανήθικου, του αντεθνικού και του «μαλλιαρού». Ο Κάστανος θα συνεχίσει να απαντά με το έργο του, αλλά το ψυχοσυναισθηματικό βάρος θα τον οδηγήσει στον θάνατο στις 12 Φεβρουαρίου 1932. Τάφηκε στο κοιμητήριο του Αγίου Γεωργίου της Φλώρινας.</p>",ρεαλιστική,Νεότερη,20ός αι.,άνδρας,2016-03-01,2016,2011-2020,προτομή,Τσώτσος Χρήστος,Φλώρινα,5ο Δημοτικό Σχολείο Φλώρινας,,ορείχαλκος,,"Η προτομή είναι τοποθετημένη εσωτερικά, στον διάδρομο του 5ου Δημοτικού Σχολείου Φλώρινας και κοιτάζει νότια.",νότια,εσωτερικός χώρος,http://www.learn4change.gr/files/statues-photos/800px/kastanos.jpg,http://www.learn4change.gr/files/statues-photos/thumbnails/kastanos.png,"40.778655, 21.392813"
ΚΑΣΤΡΙΣΙΑΝΑΚΗΣ ΧΑΡΑΛΑΜΠΟΣ,ψυχρό,ΕΝΟΠΛΗ ΒΙΑ,ΕΜΦΥΛΙΟΣ ΠΟΛΕΜΟΣ,"Ο Χαράλαμπος Καστρισιανάκης ήταν αξιωματικός του Εθνικού Στρατού. Τον Φεβρουάριο του 1949 ήρθε στη Φλώρινα όπου γίνονταν μάχες μεταξύ του Εθνικού Στρατού και του Δημοκρατικού Στρατού Ελλάδας (Δ.Σ.Ε.). Ο Καστρισιανάκης έπεσε στο ύψωμα 1033, του οποίου την υπεράσπιση είχε αναλάβει στις 12 Φεβρουαρίου του 1949. Μετά θάνατον, προήχθη στον βαθμό του Λοχαγού.",ρεαλιστική,Νεότερη,20ός αι.,άνδρας,1975-07-01,1975,1971-1980,προτομή,Αντωνόπουλος Βασίλειος,Φλώρινα,Γενικό Επιτελείο Στρατού,«ΧΑΡΑΛ. Κ. ΚΑΣΤΡΙΣΙΑΝΑΚΗΣ ΕΠΕΣΕΝ ΕΙΣ ΤΗΝ ΜΑΧΗΝ ΦΛΩΡΙΝΗΣ ΗΡΩΙΚΩΣ ΥΠΕΡΑΣΠΙΣΑΣ ΤΟ ΥΨΩΜΑ 1033 ΚΑΤΑ ΤΩΝ ΕΠΙΔΡΟΜΕΩΝ ΤΟΥ ΕΘΝΟΥΣ ΤΗΝ 12-2-1949»,ορείχαλκος,"Ορειχάλκινη, σε μαρμάρινο βάθρο","Βρίσκεται  στην κορυφή της τριγωνικής νησίδας που σχηματίζεται από τις λεωφόρους Κ. Καραμανλή και Μακεδονομάχων και την Οδό Γυμναστηρίου, και κοιτάζει ανατολικά. Επί της λεωφόρου Κ. Καραμανλή βρίσκονται, επίσης, δύο προτομές μακεδονομάχων, του Ζώη και του Σούλιου, δύο μνημεία, για τη Γενοκτονία των Ποντίων και την Ελληνική Χωροφυλακή.",ανατολικά,νησίδα,http://www.learn4change.gr/files/statues-photos/800px/kastrisianakis.jpg,http://www.learn4change.gr/files/statues-photos/thumbnails/kastrisianakis.png,"40.783263, 21.410656 "
ΚΟΝΤΟΠΟΥΛΟΣ ΙΩΑΝΝΗΣ,ψυχρό,ΕΠΙΣΤΗΜΕΣ-ΠΟΛΙΤΙΣΜΟΣ-ΤΕΧΝΕΣ,ΓΕΩΠΟΝΙΑ,"Ο Ιωάννης Κοντόπουλος (1890-1929) γεννήθηκε στο χωριό Βίτσα Ιωαννίνων, σπούδασε γεωπονία και υπηρέτησε ως νομογεωπόνος στη Φλώρινα από το 1922. Ίδρυσε τον Δενδροκομικό Σταθμό, που αργότερα εξελίχθηκε σε Γεωργική Σχολή. ",ρεαλιστική,Νεότερη,20ός αι.,άνδρας,1968-07-01,1968,1961-1970,προτομή,Καλαμάρας Δημήτρης,Φλώρινα,Γεωπονικός Σύλλογος Μακεδονίας-Θράκης,"«Ο Γεωπονικός Σύλλογος Μακεδονίας Θράκης εις τον πρωτεργάτην της μακεδονικής δενδροκομίας Ιωάννην Κοντόπουλον, 1891-1929»",ορείχαλκος,"Μπρούντζινη, σε μαρμάρινο βάθρο [στην καρτέλα αλλού γράφει μπρούντζος κι αλλού ορείχαλκος]",Βρίσκεται στον αύλειο χώρο κτιρίων της Σχολής Γεωπονικών Επιστημών και κοιτάζει προς τα δυτικά.,δυτικά,αυλή,http://www.learn4change.gr/files/statues-photos/800px/kontopoulos.jpg,http://www.learn4change.gr/files/statues-photos/thumbnails/kontopoulos.png,"40.778389, 21.3889"
ΚΟΝΤΡΑΛΤΟ,θερμό,ΕΠΙΣΤΗΜΕΣ-ΠΟΛΙΤΙΣΜΟΣ-ΤΕΧΝΕΣ,ΦΥΣΗ,"Η αρκούδα με το κοντραμπάσο. Έργο του Φλωρινιώτη Γιώργου Μπαρδάκα, στο πλαίσιο της πτυχιακής του εργασίας στο εργαστήριο γλυπτικής του τμήματος Εικαστικών και Εφαρμοσμένων Τεχνών. Οι διαστάσεις του έργου είναι: 3,10m. x 1,90m. x 5,15m. Για την κατασκευή χρησιμοποιήθηκαν μεταξύ άλλων 2.310 κ. παλιοσίδερα (scrap), λαμαρίνες, ράβδοι, ελάσματα, μπίλιες ρουλεμάν, συρματόσχοινα, σφιγκτήρες χαλκού, μαγνήτες, μεντεσέδες πόρτας, γωνίες, δοκοί κ.ά.",συμβολική,Διαρκής,Διαρκής,χωρίς φύλο,2015-07-01,2015,2011-2020,άγαλμα,Μπαρδάκας Γιώργος,Φλώρινα,Δωρεά του καλλιτέχνη στον Δήμο Φλώρινας,-,σίδηρος,"Από παλιοσίδερα (scrap), λαμαρίνες και διάφορα μεταλλικά αντικείμενα",Βρίσκεται στην πλατεία Μεγάλου Αλεξάνδρου (Κύκλος) στην είσοδο της πόλης. Κοιτάζει ανατολικά. Στην ίδια Πλατεία βρίσκεται η προτομή του Ε. Βενιζέλου και μια Επιτύμβια Στήλη της Ρωμαϊκής εποχής.,ανατολικά,πλατεία,http://www.learn4change.gr/files/statues-photos/800px/kontralto.jpg,http://www.learn4change.gr/files/statues-photos/thumbnails/kontralto.png,"40.783007, 21.414016"
ΚΟΥΛΗΣ ΣΤΕΡΙΚΑΣ,ψυχρό,ΕΠΙΣΤΗΜΕΣ-ΠΟΛΙΤΙΣΜΟΣ-ΤΕΧΝΕΣ,ΖΩΓΡΑΦΙΚΗ,"Ο ζωγράφος Στέργιος (Στερίκας) Κούλης (1921-1995) γεννήθηκε στην Κορυτσά και το 1922 ήρθε με την οικογένειά του στη Φλώρινα. Σπούδασε φιλοσοφία και παιδαγωγικά. Κατά τη διάρκεια της Κατοχής συμμετείχε στην Εθνική Αντίσταση. Εκτός από τη ζωγραφική, ασχολήθηκε με την ποίηση, το θέατρο, τη σκηνογραφία και τη σκηνοθεσία. Ιδρυτικό μέλος και πρόεδρος της Στέγης Φιλοτέχνων Φλώρινας.",ρεαλιστική,Νεότερη,20ός αι.,άνδρας,2001-07-01,2001,2001-2010,προτομή,Δογούλης Νικόλας,Φλώρινα,Οικογένεια Κούλη,,ορείχαλκος,,"Βρίσκεται έξω από το σπίτι που έμενε, παραποτάμια, στην Οδό Α. Καντιώτη. Κοιτάζει νότια.",νότια,αυλή,http://www.learn4change.gr/files/statues-photos/800px/sterikas_koulis.jpg,http://www.learn4change.gr/files/statues-photos/thumbnails/sterikas_koulis.png,"40.778226, 21.408191"
ΚΩΤΤΑΣ ΠΡΩΤΟΣ ΜΑΚΕΔΟΝΟΜΑΧΟΣ,θερμό,ΕΝΟΠΛΗ ΒΙΑ,ΜΑΚΕΔΟΝΙΚΟΣ ΑΓΩΝΑΣ,"Ο Ρίστο Κότε (Κωνσταντίνος - Κώττας Χρήστου) (1863-1905), ήταν οπλαρχηγός και πρωτεργάτης του Μακεδονικού αγώνα στην περιοχή των Κορεστείων.<br> Ο ανδριάντας τοποθετήθηκε αρχικά (1961) στις νησίδες της Οδού Ιωάννου Άρτη, στο ύψος του πάρκου του Σιδηροδρομικού Σταθμού. Το 1993-1994 αφαιρέθηκε από την αρχική του θέση και μεταφέρθηκε στις αποθήκες του Δήμου Φλώρινας. Τοποθετήθηκε στην τωρινή του θέση στις αρχές του 2002.",συμβολική,Νεότερη,20ός αι.,άνδρας,2006-07-01,2006,2001-2010,ανδριάντας,Καλαμάρας Δημήτρης,Φλώρινα,Ερανική Επιτροπή Ανεγέρσεως Προτομών και Ανδριάντων Ν. Φλώρινας,«Κώττας Πρώτος Μακεδονομάχος»,χαλκός,"Από χαλκό, σε μαρμάρινο βάθρο","Βρίσκεται στο νοτιοδυτικό άκρο του Νέου Πάρκου, μαζί με το άγαλμα του Θνήσκοντα Πολεμιστή. Αρχικά, το 1961 είχε τοποθετηθεί στη νησίδα της Οδού Ι. Άρτη, το 1993 μετακινήθηκε, βρέθηκε στις αποθήκες του Δήμου και το 2002 τοποθετήθηκε στο Νέο Πάρκο.",νότια,πάρκο,http://www.learn4change.gr/files/statues-photos/800px/kotas2.jpg,http://www.learn4change.gr/files/statues-photos/thumbnails/kotas2.png,"40.781464, 21.409124"
ΜΑΚΡΗΣ ΔΗΜΗΤΡΙΟΣ,ψυχρό,ΠΟΛΙΤΙΚΗ,ΥΠΟΥΡΓΟΣ,"Ο Δημήτριος (Τάκος) Μακρής (1910-1981) γεννήθηκε στο Μοναστήρι και σε μικρή ηλικία ήρθε στη Φλώρινα. Σπούδασε νομικά και άσκησε το δικηγορικό επάγγελμα στη Θεσσαλονίκη. Εκλέχθηκε βουλευτής Φλώρινας με την Ε.Ρ.Ε. από το 1956 έως το 1967 και από το 1974 έως το 1977. Διετέλεσε υπουργός Εσωτερικών (1956-1961), υπουργός Προεδρίας της Κυβερνήσεως (1961-1963).",ρεαλιστική,Νεότερη,20ός αι.,άνδρας,1993-07-01,1993,1991-2000,προτομή,Αντωνιάδης Ιωάννης,Φλώρινα,Δήμος Φλώρινας,"«Δημήτριος Κ. Μακρής, Βουλευτής Φλωρίνης, Υπουργός Εσωτερικών - Προεδρίας, 1956-1963». Σε δεύτερη επιγραφή πάνω στο βάθρο αναγράφονται οι στίχοι: ""Πάντα ανοιχτά, πάντ' άγροιπνα, τα μάτια της ψυχής μου. Διον. Σολωμός"".",ορείχαλκος,"Ορειχάλκινη, σε μαρμάρινο βάθρο","Βρίσκεται στη νησίδα της οδού Σιδ. Σταθμού, μπροστά από την πόρτα του Αρχαιολογικού Μουσείου. Κοιτάζει βόρεια.",βόρεια,νησίδα,http://www.learn4change.gr/files/statues-photos/800px/makris.jpg,http://www.learn4change.gr/files/statues-photos/thumbnails/makris.png,"40.78112, 21.413729"
ΜΕΓΑΣ ΑΛΕΞΑΝΔΡΟΣ 1,ψυχρό,ΠΟΛΙΤΙΚΗ,ΒΑΣΙΛΙΑΣ,"Ο Μέγας Αλέξανδρος (Αρχαία Πέλλα, Ιούλιος 356 π.Χ. - Βαβυλώνα, 10 Ιουνίου 323 π.Χ.), κοινώς γνωστός ως Αλέξανδρος ο Μέγας ή Αλέξανδρος Γ΄ ο Μακεδών, ήταν Έλληνας Βασιλεύς του Βασιλείου της Μακεδονίας, αυτοκράτορας της Μακεδονικής αυτοκρατορίας (μετά την εκστρατεία του) και μέλος της δυναστείας των Αργεαδών. Ήταν ο ηγεμόνας της Πανελλήνιας Συμμαχίας κατά της Αχαιμενιδικής αυτοκρατορίας. Οι κατακτήσεις αποτέλεσαν τον θεμέλιο λίθο της Ελληνιστικής εποχής των βασιλείων των Διαδόχων και Επιγόνων του.",ρεαλιστική,Κλασική,4ος αι. π.Χ.,άνδρας,1969-07-01,1969,1961-1970,προτομή,Αντίγραφο,Άγνωστη,,,ορείχαλκος,,"Βρίσκεται στο φουαγέ του Πολιτιστικού Κέντρου Φλώρινας, απέναντι από την είσοδο και αριστερά του ανάγλυφου που απεικονίζει τον Αριστοτέλη να διδάσκει τον Μέγα Αλέξαντρο.",νότια,εσωτερικός χώρος,http://www.learn4change.gr/files/statues-photos/800px/malexandros1.jpg,http://www.learn4change.gr/files/statues-photos/thumbnails/malexandros1.png,"40.78449473203348, 21.40615354484291"
ΜΕΓΑΣ ΑΛΕΞΑΝΔΡΟΣ 2,ψυχρό,ΠΟΛΙΤΙΚΗ,ΒΑΣΙΛΙΑΣ,"Η τοιχογραφία απεικονίζει τον Μέγα Αλέξανδρο καβάλα στον Βουκεφάλα να εφορμά κατά του Δαρείου στη Μάχη της Ισσού. Είναι λεπτομέρεια από το περίφημο ψηφιδωτό του 2ου αιώνα π.Χ. που βρέθηκε στην «Οικία του Φαύνου» στην Πομπηία.
Περιμετρικά υπάρχει συνεχόμενη γεωμετρική διακόσμηση με επαναλαμβανόμενο μοτίβο μαίανδρου. Ο μαίανδρος συνδέεται άμεσα με την αρχαία ελληνική διακοσμητική παράδοση και ενισχύει το συνολικό μήνυμα της τοιχογραφίας, που βασίζεται σε ιστορικά και εθνικά σύμβολα.",ρεαλιστική,Κλασική,4ος αι. π.Χ.,άνδρας,2021-07-15,2021,2021-2030,αναθηματικός τοίχος,"Daniela Nikolova – Σιδηροπούλου, Ελένη Σιδηροπούλου","Σόφια, Πτολεμαΐδα",Δήμος Φλώρινας,«ΑΛΕΞΑΝΔΡΟΣ Γ' Ο ΜΕΓΑΣ | 356-323 Π.Χ. | ΤΩ ΚΡΑΤΙΣΤΩ»,λαδομπογιά,Τοιχογραφία,Βρίσκεται στην είσοδο του Δημοτικού Αθλητικού Κέντρου (Δ.Α.Κ.) Φλώρινας.,δυτικά,κτίριο,http://www.learn4change.gr/files/statues-photos/800px/malexandros.jpg,http://www.learn4change.gr/files/statues-photos/thumbnails/malexandros.png,"40.80287962448139, 21.426443199195084"
«ΕΣΤΙΝ ΟΥΝ ΕΛΛΑΣ ΚΑΙ Η ΜΑΚΕΔΟΝΙΑ»,ψυχρό,ΕΝΝΟΙΕΣ,ΕΘΝΙΚΗ ΤΑΥΤΟΤΗΤΑ,"Η τοιχογραφία απεικονίζει μια ασπίδα με τον ήλιο της Βεργίνας και τη φράση «Εστίν ουν Ελλάς και η Μακεδονία» στο κυκλικό κάτω μέρος της. Η ίδια φράση επαναλαμβάνεται εκτός ασπίδας, στο φόντο της τοιχογραφίας. Το φόντο είναι έντονο πορτοκαλί - κίτρινο με σημεία φωτεινής έντασης στην περίμετρο της ασπίδας.
Περιμετρικά υπάρχει συνεχόμενη γεωμετρική διακόσμηση με επαναλαμβανόμενο μοτίβο μαίανδρου. Ο μαίανδρος συνδέεται άμεσα με την αρχαία ελληνική διακοσμητική παράδοση και ενισχύει το συνολικό μήνυμα της τοιχογραφίας, που βασίζεται σε ιστορικά και εθνικά σύμβολα.",ρεαλιστική,Κλασική,4ος αι. π.Χ.,χωρίς φύλο,2023-04-15,2023,2021-2030,αναθηματικός τοίχος,Daniela Nikolova – Σιδηροπούλου,"Σόφια, Πτολεμαΐδα",Δήμος Φλώρινας,«ΕΣΤΙΝ ΟΥΝ ΕΛΛΑΣ ΚΑΙ Η ΜΑΚΕΔΟΝΙΑ »,λαδομπογιά,Τοιχογραφία,Βρίσκεται στη βορεινή όψη του Δημοτικού Αθλητικού Κέντρου (Δ.Α.Κ.) Φλώρινας.,βόρεια,κτίριο,http://www.learn4change.gr/files/statues-photos/800px/aspida_dak.jpg,http://www.learn4change.gr/files/statues-photos/thumbnails/aspida_dak.png,"40.803086263985534, 21.426236565359968"
«ΝΟΥΣ ΥΓΙΗΣ ΕΝ ΣΩΜΑΤΙ ΥΓΙΕΙ»,ψυχρό,ΕΝΝΟΙΕΣ,ΑΘΛΗΤΙΣΜΟΣ,"Η τοιχογραφία παραπέμπει σε παραστάσεις αθλητικών αγώνων από την αρχαία ελληνική αγγειογραφία. Απεικονίζονται πέντε μελανόμορφοι δρομείς και στο κίτρινο - πορτοκαλί φόντο ένα δάφνινο στεφάνι. Στο κάτω μέρος υπάρχει η επιγραφή «Νους υγιής εν σώματι υγιεί».
Περιμετρικά υπάρχει συνεχόμενη γεωμετρική διακόσμηση με επαναλαμβανόμενο μοτίβο μαίανδρου. Ο μαίανδρος συνδέεται άμεσα με την αρχαία ελληνική διακοσμητική παράδοση και ενισχύει το συνολικό μήνυμα της τοιχογραφίας, που βασίζεται σε ιστορικά και εθνικά σύμβολα.""",ρεαλιστική,Κλασική,4ος αι. π.Χ.,χωρίς φύλο,2023-04-15,2023,2021-2030,αναθηματικός τοίχος,Daniela Nikolova – Σιδηροπούλου,"Σόφια, Πτολεμαΐδα",Δήμος Φλώρινας,«ΝΟΥΣ ΥΓΙΗΣ ΕΝ ΣΩΜΑΤΙ ΥΓΙΕΙ»,λαδομπογιά,Τοιχογραφία,Βρίσκεται στη βορεινή όψη του Δημοτικού Αθλητικού Κέντρου (Δ.Α.Κ.) Φλώρινας.,βόρεια,κτίριο,http://www.learn4change.gr/files/statues-photos/800px/athlitismos_dak.jpg,http://www.learn4change.gr/files/statues-photos/thumbnails/athlitismos_dak.png,"40.80303591583413, 21.426219481016446"
ΜΕΓΑΣ ΑΛΕΞΑΝΔΡΟΣ ΔΙΔΑΣΚΕΤΑΙ ΑΠΟ ΤΟΝ ΑΡΙΣΤΟΤΕΛΗ,ψυχρό,ΕΠΙΣΤΗΜΕΣ-ΠΟΛΙΤΙΣΜΟΣ-ΤΕΧΝΕΣ,ΕΚΠΑΙΔΕΥΣΗ,Ο Μέγας Αλέξανδρος Διδάσκεται από τον Αριστοτέλη,ρεαλιστική,Κλασική,4ος αι. π.Χ.,άνδρας,1969-07-01,1969,1961-1970,αναθηματικός τοίχος,Δογούλης Νικόλας,Φλώρινα,,«Ο ΑΡΙΣΤΟΤΕΛΗΣ ΔΙΔΑΣΚΩΝ ΤΟΝ ΜΕΓΑΝ ΑΛΕΞΑΝΔΡΟΝ»,μάρμαρο,,"Βρίσκεται στο φουαγέ του Πολιτιστικού Κέντρου Φλώρινας, απέναντι από την είσοδο.",νότια,εσωτερικός χώρος,http://www.learn4change.gr/files/statues-photos/800px/malexandros2.jpg,http://www.learn4change.gr/files/statues-photos/thumbnails/malexandros2.png,"40.7845013557843, 21.406190106705406"
ΜΗΤΡΟΠΟΛΙΤΗΣ ΑΥΓΟΥΣΤΙΝΟΣ,ψυχρό,ΘΡΗΣΚΕΙΑ,ΚΛΗΡΙΚΟΙ,"Ο Αυγουστίνος Καντιώτης (1907-2010) ήταν μητροπολίτης Φλωρίνης, Πρεσπών και Εορδαίας από το 1967 έως το 2000, όταν και παραιτήθηκε για λόγους υγείας.",ρεαλιστική,Νεότερη,20ός αι.,άνδρας,2013-07-01,2013,2011-2020,προτομή,Καγιώργης Γιάννης,Τήνος,-,"«Ζητούμεν ελευθέραν και ζώσαν Εκκλησίαν» «Εποιήθη αρχιερατεύοντος του Μητροπολίτου Φλωρίνης, εν σωτηρίω έτει 2013»",μάρμαρο,,"Βρίσκεται στον αύλειο χώρο του Μητροπολιτικού Μεγάρου, αριστερά από τις σκάλες και κοιτάζει βόρεια προς την οδό Μητροπόλεως. Δεξιά από τις σκάλες υπάρχει αναθηματικός τοίχος για την Απελευθέρωση της Φλώρινας, ενώ στη νότια πλευρά του ναού του Αγίου Παντελεήμονα υπάρχει άγαλμα ορθόδοξου κληρικού.",βόρεια,αυλή,http://www.learn4change.gr/files/statues-photos/800px/kantiotis.jpg,http://www.learn4change.gr/files/statues-photos/thumbnails/kantiotis.png,"40.778505, 21.40581"
ΜΝΗΜΕΙΟ ΜΑΧΗΤΩΝ ΚΑΙ ΜΑΧΗΤΡΙΩΝ Δ.Σ.Ε.,ψυχρό,ΕΝΟΠΛΗ ΒΙΑ,ΕΜΦΥΛΙΟΣ ΠΟΛΕΜΟΣ,"Μνημείο που ανήγειρε η ΚΕ του ΚΚΕ, προς τιμήν των νεκρών του Δημοκρατικού Στρατού Ελλάδας που σκοτώθηκαν στη μάχη της Φλώρινας τον Φεβρουάριο του 1949. Στο σημείο βρίσκεται ο ομαδικός τάφος 800-850 περίπου μαχητών/τριών.",συμβολική,Νεότερη,20ός αι.,άνδρας+γυναίκα,2016-02-16,2016,2011-2020,ταφικό μνημείο,Μακρής Μέμος,Αθήνα,Κεντρική Επιτροπή ΚΚΕ,"«Είναι αυτοί που νίκησαν το θάνατο. Τιμή και δόξα στους μαχητές και στις μαχήτριες του ΔΣΕ, ΚΕ του Κ.Κ.Ε.»",ορείχαλκος,"Ορειχάλκινο σύμπλεγμα ολόσωμων μορφών, σε μαρμάρινο βάθρο","Βρίσκεται επί της επαρχιακής Οδού Φλώρινας-Κολχικής, αριστερά μετά τα τελευταία σπίτια της πόλης. Έχει όψη προς τα δυτικά. Σε απόσταση 300 μέτρων προς τα δυτικά βρίσκεται το νεκροταφείο και το μνημείο των νεκρών του Εθνικού Στρατού που σκοτώθηκαν κατά τη διάρκεια της Μάχης της Φλώρινας τον Φεβρουάριο του 1949.",δυτικά,αγρός,http://www.learn4change.gr/files/statues-photos/800px/dse.jpg,http://www.learn4change.gr/files/statues-photos/thumbnails/dse.png,"40.775009, 21.416189 "
ΜΝΗΜΕΙΟ ΠΕΣΟΝΤΩΝ 1940-41,ψυχρό,ΕΝΟΠΛΗ ΒΙΑ,ΕΛΛΗΝΟΪΤΑΛΙΚΟΣ,Το μνημείο είναι αφιερωμένο στη μνήμη των πεσόντων του Ελληνοϊταλικού πολέμου 1940-1941.,συμβολική,Νεότερη,20ός αι.,χωρίς φύλο,2012-07-01,2012,2011-2020,στήλη,Μίνος Τραϊανός,Φλώρινα,-,"«Αθάνατοι νεκροί, αιωνία σας η μνήμη. Έπεσαν υπέρ Πίστεως και Πατρίδος [ακολουθεί κατάλογος με ονοματεπώνυμα και στρατιωτικούς βαθμούς θανόντων]»",μάρμαρο,"1) Μαρμάρινη στήλη, σε μαρμάρινη βάση 2) μαρμάρινη πλάκα εντοιχισμένη σε παρακείμενο τοίχο","Με όψη προς τα ανατολικά, αποτελεί μέρος ενός μνημειακού συνόλου που βρίσκεται στο νότιο - νοτιοδυτικό άκρο της Πλατείας Γ. Μόδη, μαζί με τον ανδριάντα για τα Ελευθέρια του 1912 και τα Κανόνια.",ανατολικά,πλατεία,http://www.learn4change.gr/files/statues-photos/800px/1940.jpg,http://www.learn4change.gr/files/statues-photos/thumbnails/1940.png,"40.779057, 21.407421"
ΜΟΔΗΣ ΓΕΩΡΓΙΟΣ,ψυχρό,ΕΝΟΠΛΗ ΒΙΑ,ΜΑΚΕΔΟΝΙΚΟΣ ΑΓΩΝΑΣ,"Ο Γεώργιος Μόδης (1887 - 1975) ήταν πολιτικός και ένας από τους κυριότερους συγγραφείς του Μακεδονικού αγώνα, στον οποίο έλαβε μέρος. ",ρεαλιστική,Νεότερη,20ός αι.,άνδρας,2012-07-01,2012,2011-2020,προτομή,Δογούλης Νικόλας,Φλώρινα,-,"«Γεώργιος Χρ. Μόδης, 1887-1975, Ο ραψωδός της Μακεδονίας, Μακεδονομάχος, Βουλευτής - Υπουργός, Ιστορικός - Διηγηματογράφος του Μακεδονικού Αγώνος»",ορείχαλκος,"Ορειχάλκινη, σε μαρμάρινο βάθρο","Βρίσκεται στο βόρειο μέρος της Πλατείας Γ. Μόδη, μαζί τις προτομές του Λ. Πύρζα, Ι. Δραγούμη και Ν. Παπαδόπουλου και έχει όψη ανατολικά προς την οδό 25ης Μαρτίου.",ανατολικά,πλατεία,http://www.learn4change.gr/files/statues-photos/800px/modis.jpg,http://www.learn4change.gr/files/statues-photos/thumbnails/modis.png,"40.779417, 21.40756"
ΟΡΘΟΔΟΞΟΣ ΚΛΗΡΙΚΟΣ,ψυχρό,ΕΝΝΟΙΕΣ,ΤΙΜΗ,Μνημείο που αναπαριστά ιερέα.,συμβολική,Διαρκής,Διαρκής,άνδρας,1999-07-04,1999,1991-2000,άγαλμα,Χατζή Αλίκη - Βασιλείου Αχιλλέας,Φλώρινα - Δέλβινο Αλβανίας,Ιερά Μητρόπολη. Χορηγός Πρόδρομος Εμφιετζόγλου,"«Ηγέτης και ψυχή του γένους των Ελλήνων, σκλάβων εμψυχωτής, ελευθέρων ελπίδα.»",ορείχαλκος,Ορειχάλκινος ανδριάντας σε μαρμάρινη βάση,"Βρίσκεται στον αύλειο χώρο της εκκλησίας του Αγίου Παντελεήμονα, στη νοτιοανατολική του γωνία και κοιτάζει νότια. Στην ίδια αυλή και μπροστά από το Μητροπολιτικό Μέγαρο βρίσκεται η προτομή του Αυγ. Καντιώτη και ο αναθηματικός τοίχος για την Απελευθέρωση της Φλώρινας.",νότια,αυλή,http://www.learn4change.gr/files/statues-photos/800px/papas.jpg,http://www.learn4change.gr/files/statues-photos/thumbnails/papas.png,"40.77820802283177, 21.40633025378441"
ΠΑΠΑΔΟΠΟΥΛΟΣ ΝΙΚΟΛΑΟΣ,ψυχρό,ΕΝΟΠΛΗ ΒΙΑ,ΕΜΦΥΛΙΟΣ ΠΟΛΕΜΟΣ,"Ο Νικόλαος Παπαδόπουλος (1890-1961), γνωστός με το ψευδώνυμο Παππούς, ήταν αξιωματικός του ελληνικού στρατού. Συμμετείχε σε όλες τις πολεμικές συγκρούσεις από τους Βαλκανικούς πολέμους μέχρι και τον Εμφύλιο πόλεμο. Ως επικεφαλής της ΙΙ Μεραρχίας του ελληνικού στρατού απέτρεψε την κατάληψη της πόλης της Φλώρινας από τον Δ.Σ.Ε. νικώντας στη Μάχη της Φλώρινας, στις 12/2/1949.<br>Η προτομή αρχικά είχε τοποθετηθεί στην Πλατεία Σχολείων (σήμερα Εφέδρων Αξιωματικών).",ρεαλιστική,Νεότερη,20ός αι.,άνδρας,1964-03-25,1964,1961-1970,προτομή,Φιλιππότης Στρατής,Τήνος,Γενικό Επιτελείο Στρατού,"«ΝΙΚΟΛΑΟΣ ΠΑΠΑΔΟΠΟΥΛΟΣ ""ΠΑΠΠΟΥΣ"" ΥΠΟΣΤΡΑΤΗΓΟΣ ΔΙΟΙΚΗΤΗΣ ΙΙης ΜΕΡΑΡΧΙΑΣ 1947-1949»",ορείχαλκος,"Ορειχάλκινη, σε μαρμάρινο βάθρο","Βρίσκεται στο βόρειο μέρος της Πλατείας Γ. Μόδη, μαζί τις προτομές του Λ. Πύρζα, Ι. Δραγούμη και Γ. Μόδη και έχει όψη προς τα βόρεια, προς την οδό Μεγάλου Αλεξάνδρου.",βόρεια,πλατεία,http://www.learn4change.gr/files/statues-photos/800px/pappous.jpg,http://www.learn4change.gr/files/statues-photos/thumbnails/pappous.png,"40.779451, 21.407422"
ΠΕΣΟΝΤΕΣ Ε.Σ. ΕΜΦΥΛΙΟΥ ΠΟΛΕΜΟΥ,ψυχρό,ΕΝΟΠΛΗ ΒΙΑ,ΕΜΦΥΛΙΟΣ ΠΟΛΕΜΟΣ,Στο στρατιωτικό νεκροταφείο τα περισσότερα μνήματα ανήκουν σε στρατιώτες του Εθνικού Στρατού που σκοτώθηκαν κατά τη διάρκεια της Μάχης της Φλώρινας τον Φεβρουάριο του 1949. Υπάρχουν και μνήματα πεσόντων από άλλες συμπλοκές και μάχες του Εμφυλίου.,συμβολική,Νεότερη,20ός αι.,άνδρας,1961-07-01,1961,1961-1970,στήλη,Άγνωστος,Άγνωστη,-,"«Αιωνία η μνήμη των υπέρ πίστεως και πατρίδος πεσόντων."" ""Οστεοθήκες πεσόντων ηρώων κόκκαλα Ελλήνων ιερά - Αεί τη θυσία έπεται τη νίκη και τω σταυρώ ακολουθεί η ανάσταση.»",μάρμαρο,Μαρμάρινη στήλη,"Βρίσκεται εντός του Στρατιωτικού Νεκροταφείου Φλώρινας, στον δρόμο προς τη Σκοπιά και έχει όψη ανατολικά προς τον κάμπο. Σε απόσταση 300 μέτρων προς τα ανατολικά βρίσκεται το Μνημείο Μαχητών και Μαχητριών του Δημοκρατικού Στρατού Ελλάδας, όπου τάφηκαν σε ομαδικό τάφο οι νεκροί του Δ.Σ.Ε., που σκοτώθηκαν κατά τη διάρκεια της Μάχης της Φλώρινας τον Φεβρουάριο του 1949.",ανατολικά,νεκροταφείο,https://www.learn4change.gr/files/statues-photos/800px/stratiotiko_nekrotafeio_1.jpg,https://www.learn4change.gr/files/statues-photos/thumbnails/stratiotiko_nekrotafeio_1.png,"40.77299262027998, 21.412922384128777"
ΠΗΓΗ ΣΑΚΟΥΛΕΒΑ,ψυχρό,ΕΝΝΟΙΕΣ,ΦΥΣΗ,"Νέος που κρατά λαγήνι σε θέση που αδειάζει. Στην ανατολική πλευρά του βάθρου και στο κάτω μέρος, υπήρχαν δύο μαρμάρινες πλάκες οι οποίες δεν υφίστανται πλέον. Αυτή στ' αριστερά πληροφορούσε για τον τίτλο του αγάλματος, ""Πηγή Σακουλέβα"", ενώ η άλλη στα δεξιά πληροφορούσε ότι ανεγέρθηκε ""Επί Δημάρχου Στεφάνου Παπαναστασίου 12-12-2009"".",συμβολική,Διαρκής,Διαρκής,άνδρας,2009-12-12,2009,2001-2010,άγαλμα,Δογούλης Νικόλας,Φλώρινα,Δήμος Φλώρινας - «Επί Δημάρχου Στεφάνου Παπαναστασίου 12-12-2009»,«ΠΗΓΗ ΣΑΚΟΥΛΕΒΑ»,ορείχαλκος,"Ορειχάλκινος, σε μαρμάρινο βάθρο, μέσα σε μαρμάρινη δεξαμενή","Αποτελεί μέρος μνημειακού συνόλου που βρίσκεται στο ανατολικό μέρος της Πλατείας Επτά Ηρώων, στην αυλή μπροστά από το κτίριο του Φ.Σ.Φ. <i>Ο Αριστοτέλης</i> και εν μέρει στην Πλατεία, μαζί με το μνημείο των Επτά Ηρώων, τον ανδριάντα του Αριστοτέλη και την προτομή του Θεόδωρου Θωμαΐδη.",ανατολικά,πλατεία,http://www.learn4change.gr/files/statues-photos/800px/neos.jpg,http://www.learn4change.gr/files/statues-photos/thumbnails/neos.png,"40.777769, 21.404449"
ΠΟΛΥΤΕΚΝΗ ΜΗΤΕΡΑ,ψυχρό,ΕΝΝΟΙΕΣ,ΜΗΤΡΟΤΗΤΑ,"Κεντρική γυναικεία μορφή σε πλάγια θέση, με τέσσερα παιδιά",συμβολική,Διαρκής,Διαρκής,γυναίκα,2005-11-07,2005,2001-2010,στήλη,Δογούλης Νικόλας,Φλώρινα,Σύλλογος Πολυτέκνων Φλώρινας,"«ΜΗΤΕΡΑ ΤΟ ΦΩΣ ΤΟΥ ΚΟΣΜΟΥ» - «Με την ευγενή προσφορά των πολύτεκνων οικογενειών Νομού Φλώρινας ανηγέρθη το μνημείο της πολύτεκνης μάνας Ιούνιος 2005. Επί Δ.Σ. πρόεδρος Νικ. Δημ. Ταμπάκης, γεν. γραμ. Γεώρ. Παν. Λιασόπουλος, αντι/δρος Αθαν. Γεω. Τσίτσης, ταμίας Κων/νος Ιωά. Τσιώτας, σύμβουλοι Σωτ. Ιων. Παρδάλης, Γεώρ. Κοσ. Κλημεντίδης, Λαζ. Ηλία Χριστίδης»",ορείχαλκος,"Ορειχάλκινο ανάγλυφο, πάνω σε τσιμεντένια στήλη επενδεδυμένη με μάρμαρο","Με όψη προς τα δυτικά, βρίσκεται στο βορειοδυτικό άκρο της (ανώνυμης) Πλατείας που σχηματίζεται από τις οδούς Μοναστηρίου και Δημάρχου Αναστασίου Κωτσόπουλου.",δυτικά,πλατεία,http://www.learn4change.gr/files/statues-photos/800px/mitera_polyteknoi.jpg,http://www.learn4change.gr/files/statues-photos/thumbnails/mitera_polyteknoi.png,"40.786212, 21.417219 "
ΠΥΡΖΑΣ ΝΙΚΟΛΑΟΣ,ψυχρό,ΕΝΟΠΛΗ ΒΙΑ,ΜΑΚΕΔΟΝΙΚΟΣ ΑΓΩΝΑΣ,Ο Νικόλαος (Λάκης) Πύρζας (1880-1947) συμμετείχε στις περιοδείες του Παύλου Μελά και ανέπτυξε αντάρτικη δράση κατά τη διάρκεια του Μακεδονικού αγώνα.,ρεαλιστική,Νεότερη,20ός αι.,άνδρας,1960-08-28,1960,1951-1960,προτομή,Κοντογιάννης Κωνσταντίνος,Αλμυρός Βόλου,Ερανική Επιτροπή Ανεγέρσεως Προτομών και Ανδριάντων Ν. Φλώρινας,«ΛΑΚΗΣ ΠΥΡΖΑΣ ΟΠΛΑΡΧΗΓΟΣ»,μάρμαρο,"Από λευκό μάρμαρο, σε μαρμάρινο βάθρο","Βρίσκεται στο βόρειο μέρος της Πλατείας Γ. Μόδη, μαζί τις προτομές του Ν. Παπαδόπουλου, Ι. Δραγούμη και Γ. Μόδη και έχει όψη προς τα βόρεια, προς την οδό Μεγάλου Αλεξάνδρου.",βόρεια,πλατεία,http://www.learn4change.gr/files/statues-photos/800px/pirzas.jpg,http://www.learn4change.gr/files/statues-photos/thumbnails/pirzas.png,"40.779433, 21.407392"
ΡΩΣΟΣ ΣΤΡΑΤΙΩΤΗΣ,θερμό,ΕΝΟΠΛΗ ΒΙΑ,Α' ΠΑΓΚΟΣΜΙΟΣ ΠΟΛΕΜΟΣ,"Μνημείο αφιερωμένο στους πεσόντες Ρώσους Στρατιώτες στον Α' Παγκόσμιο Πόλεμο στην Φλώρινα. Παρουσιάζει Ρώσο Στρατιώτη, φέροντα την παραδοσιακή πολεμική στολή των Ρώσων Στρατιωτών του Α’ Παγκοσμίου Πολέμου. Έχει σακίδιο στην πλάτη, στο δεξί του χέρι κρατά μεγάλο τουφέκι με εφ’ όπλου λόγχη τοποθετημένο όρθιο στο έδαφος, ενώ στο αριστερό του χέρι κρατά το πηλήκιό του.",ρεαλιστική,Νεότερη,20ός αι.,άνδρας,2015-12-19,2015,2011-2020,άγαλμα,Κικώτης Γιώργος,"Άλμα Άτα, Ωραιόκαστρο","Πρώην Γεν. Πρόξενος της Ρωσίας στη Θεσσαλονίκη Αλεξέι Ποπόβ, Ομοσπονδία Ελληνικών Συλλόγων της Ρωσίας & Φιλανθρωπικό Ίδρυμα του Ιβάν Σαββίδη",«ΣΤΟΥΣ ΡΩΣΟΥΣ ΣΤΡΑΤΙΩΤΕΣ ΤΟΥ ΜΑΚΕΔΟΝΙΚΟΥ ΜΕΤΩΠΟΥ ΤΟΥ Α΄ ΠΑΓΚΟΣΜΙΟΥ ΠΟΛΕΜΟΥ ΠΕΣΟΝΤΕΣ ΣΤΗ ΜΑΧΗ ΤΗΣ ΦΛΩΡΙΝΑΣ ΤΟΝ ΣΕΠΤΕΜΒΡΙΟ ΤΟΥ 1916» [Η ίδια επιγραφή στη ρωσική γλώσσα βρίσκεται στην κατακόρυφη μαρμάρινη πλάκα πίσω από τον στρατιώτη.],ορείχαλκος,"Ορειχάλκινος ανδριάντας και μαρμάρινη στήλη με ορειχάλκινα στοιχεία (δικέφαλος αετός, κλαδί φοίνικα & ξίφος χιαστί, σταυρός). Όλο το μνημείο πάνω σε μαρμάρινο βάθρο.",Βρίσκεται στην Πλατεία Μαραθώνος και έχει όψη προς τα ανατολικά.,ανατολικά,πλατεία,https://www.learn4change.gr/files/statues-photos/800px/rosos.jpg,https://www.learn4change.gr/files/statues-photos/thumbnails/rosos.png,"40.78218222154246, 21.405155234346726"
ΣΑΡΡΗΣ ΜΑΝΟΛΗΣ,ψυχρό,ΕΠΙΣΤΗΜΕΣ-ΠΟΛΙΤΙΣΜΟΣ-ΤΕΧΝΕΣ,ΕΚΠΑΙΔΕΥΣΗ,"Ο Μανόλης Σαρρής (1899 - 1977) καταγόταν από τον Μαραθόκαμπο της Σάμου. Σπούδασε στο Ιεροδιδασκαλείο και στο τριτάξιο Διδασκαλείο Αρρένων Σάμου, παρακολούθησε τη διετή μετεκπαίδευση των δημοδιδασκάλων στο Πανεπιστήμιο Αθηνών (1924-1926) και ολοκλήρωσε τις μεταπτυχιακές σπουδές του στη Γερμανία, όπου αναγορεύτηκε διδάκτορας (1927-1931). Υπηρέτησε ως δάσκαλος σε δημοτικά σχολεία και αργότερα, μετά τις σπουδές του στη Γερμανία, ως καθηγητής στο Ιεροδιδασκαλείο Βελλάς Ιωαννίνων, στη Μέση Ανατολή όπου είχε διαφύγει κατά τη διάρκεια της Κατοχής, κατόπιν στη Γερμανία και στη συνέχεια ως υποδιευθυντής και διευθυντής στην Παιδαγωγική Ακαδημία Φλώρινας την περίοδο 1951-1956, στη Ζαρίφειο Παιδαγωγική Ακαδημία Αλεξανδρούπολης 1956-1963 και ως διευθυντής της Μαρασλείου Παιδαγωγικής Ακαδημίας Αθηνών 1963-1966.<br>Εκτός από το παιδαγωγικό του έργο, ο Σαρρής οργάνωσε βιβλιοθήκες, σπουδαστικά συσσίτια και οικοτροφεία, εκπόνησε έρευνες, συνέγραψε βιβλία και επιστημονικά άρθρα και εξέδωσε τα παιδαγωγικά περιοδικά «Νέος Δάσκαλος» και «Φάρος Νέος Δάσκαλος».<br>Βιβλιογραφία: Θωίδη - Βασιλειάδη Λίνα, Θωίδης Δημήτρης, 2000, Μανόλης Γ. Σαρρής - Ο παιδαγωγός και ο άνθρωπος, Θεσσαλονίκη: Αφοί Κυριακίδη. ",ρεαλιστική,Νεότερη,20ός αι.,άνδρας,2002-07-01,2002,2001-2010,προτομή,Δογούλης Νικόλας,Φλώρινα,Απόφοιτοι της Π.Α.Φ. 1956,«Οι απόφοιτοι της Π.Α.Φ. 1956 - Με αγάπη»,ορείχαλκος,"Ορειχάλκινη, σε μαρμάρινο βάθρο","Η προτομή είναι τοποθετημένη εσωτερικά στο κτίριο της Σχολής Ανθρωπιστικών Επιστημών, έξω από το μεγάλο αμφιθέατρο και κοιτάζει βόρεια. Εντός του κτιρίου, μπροστά από τη βιβλιοθήκη βρίσκεται η προτομή του Μ. Σουλιώτη.",βόρεια,εσωτερικός χώρος,https://www.learn4change.gr/files/statues-photos/800px/sarris.jpg,https://www.learn4change.gr/files/statues-photos/thumbnails/sarris.png,"40.801382033484174, 21.42302899529504"
ΣΟΥΛΙΩΤΗΣ ΜΙΜΗΣ,ψυχρό,ΕΠΙΣΤΗΜΕΣ-ΠΟΛΙΤΙΣΜΟΣ-ΤΕΧΝΕΣ,ΓΛΩΣΣΑ,"Ο Μίμης Σουλιώτης (1949 - 2012) ήταν Έλληνας συγγραφέας, ποιητής, εκδότης και πανεπιστημιακός. Ίδρυσε το Βαλκανικό Άσυλο Ποίησης στις Πρέσπες και οργάνωσε το πρώτο πρόγραμμα δημιουργικής γραφής στην Ελλάδα. Δίδαξε στην Παιδαγωγική Σχολή Φλώρινας και σε άλλα πανεπιστήμια της Ελλάδας και της Κύπρου.",ρεαλιστική,Νεότερη,20ός αι.,άνδρας,2014-07-01,2014,2011-2020,προτομή,Τσώτσος Χρήστος,Φλώρινα,Παιδαγωγική Σχολή Φλώρινας,"«ΒΑΘΙΑ ΕΠΙΦΑΝΕΙΑ | Αύτανδροι - Βυθίστηκα στον διαμπερή μου ύπνο, αύτανδρος∙ βυθίστηκες και συ μαζί μου, αύτανδρη – και φολέγανδρη»",ορείχαλκος,,"Η προτομή είναι τοποθετημένη εσωτερικά στο κτίριο της Σχολής Ανθρωπιστικών Επιστημών, δεξιά από την είσοδο της Βιβλιοθήκης και κοιτάζει νότια. Εντός του κτιρίου, έξω από το μεγάλο αμφιθέατρο βρίσκεται η προτομή του Μ. Σαρρή.",νότια,εσωτερικός χώρος,https://www.learn4change.gr/files/statues-photos/800px/souliotis.jpg,https://www.learn4change.gr/files/statues-photos/thumbnails/souliotis.png,"40.8018214008686, 21.42314876530249"
ΣΩΜΑΤΑ ΑΣΦΑΛΕΙΑΣ,ψυχρό,ΣΩΜΑΤΑ ΑΣΦΑΛΕΙΑΣ,ΜΝΗΜΗ,"Η Ελληνική Χωροφυλακή ήταν σώμα ασφάλειας της Ελλάδας που συστήθηκε με βασιλικό διάταγμα το 1833. Το 1984 συγχωνεύθηκε με την Αστυνομία Πόλεων σε ενιαίο αστυνομικό σώμα με την ονομασία Ελληνική Αστυνομία (ΕΛ.ΑΣ.). Η Αγροφυλακή είχε ως σκοπό την τήρηση της δημόσιας τάξης και την πρόληψη του εγκλήματος σε αγροτικές περιφέρειες και χώρους. Σε κάθε πλευρά του μνημείου αναγράφεται και ένα σώμα ασφαλείας: μπροστά Χωροφυλακή, πίσω Αστυνομία, δεξιά Αγροφυλακή, αριστερά Πυροσβεστική.",συμβολική,Νεότερη,19ος-20ός αι.,χωρίς φύλο,2006-09-26,2006,2001-2010,στήλη,Άγνωστος,Άγνωστη,-,«Μνημείον Πεσόντων Ανδρών Σωμάτων Ασφαλείας Χωροφυλακής - Ελλ. Αστυνομίας - Πυροσβεστικής - Αγροφυλακής. Αθάνατοι Νεκροί. Αιωνία σας η μνήμη»,μάρμαρο,Μαρμάρινη στήλη,"Το μνημείο της Ελληνικής Χωροφυλακής βρίσκεται στη συμβολή της Λ. Κ. Καραμανλή με την οδό Αγνώστου Στρατιώτη, με πρόσοψη νότια προς την Κ. Καραμανλή. Επί της λεωφόρου Κ. Καραμανλή βρίσκονται δύο προτομές μακεδονομάχων, του Ζώη και του Σούλιου, δύο μνημεία, για τη Γενοκτονία των Ποντίων και την Ελληνική Χωροφυλακή και η προτομή του Καστρισιανάκη.",νότια,νησίδα,http://www.learn4change.gr/files/statues-photos/800px/xorofilaki.jpg,http://www.learn4change.gr/files/statues-photos/thumbnails/xorofilaki.png,"40.783555, 21.410991"
ΤΣΑΜΗΣ ΠΑΥΛΟΣ,ψυχρό,ΕΝΝΟΙΕΣ,ΠΡΟΣΦΟΡΑ,"Ο Παύλος Τσάμης, αξιωματικός του ελληνικού στρατού, γεννήθηκε στο Πισοδέρι το 1914. Αποφοίτησε από τη Μοδέστειο Σχολή του χωριού του και τη Σχολή Ευελπίδων. Υπηρέτησε στη Σχολή Άμυνας του ΝΑΤΟ στο Παρίσι και ασχολήθηκε με τα πυρηνικά όπλα. Το 1963 προήχθη στον βαθμό του Ταξίαρχου. Στη συνέχεια παραιτήθηκε, ανέλαβε τη συγκρότηση της Διεύθυνσης Απόδημων Μακεδόνων και διετέλεσε διευθυντής του Κέντρου Απόδημων Μακεδόνων από το 1966 μέχρι τον θάνατό του το 1975. Για τα αποκαλυπτήρια της προτομής του Παύλου Τσάμη βλ. <i>Φωνή της Φλωρίνης</i>, φ. 975, 7/8/1981, σ. 1.",ρεαλιστική,Νεότερη,20ός αι.,άνδρας,1981-08-08,1981,1981-1990,προτομή,Δογούλης Νικόλας,Φλώρινα,Παμμακεδονική Ένωση Αυστραλίας,«ΠΑΥΛΟΣ Λ. ΤΣΑΜΗΣ ΤΑΞΙΑΡΧΟΣ Ε. Α. ΔΙΕΥΘΥΝΤΗΣ ΚΕΝΤΡΟΥ ΑΠΟΔΗΜΩΝ ΜΑΚΕΔΟΝΩΝ ΕΤΑΙΡΕΙΑΣ ΜΑΚΕΔΟΝΙΚΩΝ ΣΠΟΥΔΩΝ ΔΩΡΕΑ ΠΑΜΜΑΚΕΔΟΝΙΚΗΣ ΕΝΩΣΕΩΣ ΑΥΣΤΡΑΛΙΑΣ»,ορείχαλκος,"Ορειχάλκινη, σε μαρμάρινο βάθρο",Βρίσκεται στο δυτικό άκρο της νησίδας που εκτείνεται κατά μήκος της βόρειας πλευράς της Λ. Μακεδομάχων και κοιτάζει προς τα δυτικά. Στο ανατολικό άκρο της ίδιας νησίδας βρίσκεται Επιτύμβια Στήλη της ρωμαϊκής περιόδου.,δυτικά,νησίδα,http://www.learn4change.gr/files/statues-photos/800px/tsamis.jpg,http://www.learn4change.gr/files/statues-photos/thumbnails/tsamis.png,"40.782158, 21.408695"
ΧΡΗΣΤΟΥ ΠΕΤΡΟΣ,ψυχρό,ΕΝΟΠΛΗ ΒΙΑ,ΜΑΚΕΔΟΝΙΚΟΣ ΑΓΩΝΑΣ,"Ο Πέτρος Χρήστου (1887-1908) κατά τη διάρκεια του Μακεδονικού αγώνα εντάχθηκε στο ένοπλο σώμα του Καπετάν Βολάνη, ενώ συνεργάστηκε και με τον Γ. Δικώνυμο Μακρή. Το 1906 σχημάτισε δικό του ένοπλο σώμα, έδρασε κυρίως στην περιοχή Μοριχόβου, συνεργαζόμενος πολλές φορές με τον οπλαρχηγό Σίμο Ιωαννίδη και τον Καπετάν Βάρδα. Το 1907 ανέλαβε την περιοχή Πρεσπών, Φλώρινας και νοτίου Μοριχόβου με βάση τον Βαρνούντα. Το 1908 μετά από συμπλοκή με Οθωμανικό απόσπασμα συνελήφθη και απαγχονίστηκε στο Μοναστήρι.",ρεαλιστική,Νεότερη,20ός αι.,άνδρας,1960-08-28,1960,1951-1960,προτομή,Μωραΐτης Πέτρος,Τήνος,Ερανική Επιτροπή Ανεγέρσεως Προτομών και Ανδριάντων Ν. Φλώρινας,«ΠΕΤΡΟΣ ΧΡΗΣΤΟΥ ΟΠΛΑΡΧΗΓΟΣ ΕΚ ΜΟΝΑΣΤΗΡΙΟΥ»,ορείχαλκος,"Ορειχάλκινη, σε μαρμάρινο βάθρο",Βρίσκεται στη νησίδα επί της Οδού Σαρανταπόρου και έχει όψη βόρεια προς την Οδό Καστρισιανάκη. Στο νότιο άκρο της νησίδας βρίσκεται η προτομή του Σ. Γρηγορίου.,βόρεια,νησίδα,http://www.learn4change.gr/files/statues-photos/800px/xristou.jpg,http://www.learn4change.gr/files/statues-photos/thumbnails/xristou.png,"40.781007, 21.409341"
ΜΝΗΜΕΙΟ ΤΟΥ ΕΡΓΑΤΗ,ψυχρό,ΕΝΝΟΙΕΣ,ΕΡΓΑΣΙΑ,"Μνημείο αφιερωμένο στους εργάτες. Πρόκειται για μπρούντζινο άγαλμα που απεικονίζει έναν άντρα εργάτη με τραγιάσκα να κρατάει μια βαριοπούλου και να σπάζει βράχους. Το αριστερό του πόδι, μέχρι το μέσον της κνήμης είναι ""βυθισμένο"" στον βράχο.<br>Σε βράχο μπροστά από το άγαλμα υπάρχει χαραγμένη μια στρογγυλή σφραγίδα, περιμετρικά της οποίας αναγράφεται ο τίτλος ""Εργατοϋπαλληλικό Κέντρο Φλώρινας ΕΚΦ"" και στο κέντρο το περίγραμμα ενός σφυριού.",ρεαλιστική,Διαρκής,Διαρκής,άνδρας,2024-09-20,2024,2021-2030,άγαλμα,Καλαμάρας Φίλιππος,Φλώρινα,Δήμος Φλώρινας και Εργατοϋπαλληλικό Κέντρο Φλώρινας,"Ένα μνημείο αφιερωμένο στους διαχρονικούς αγώνες και τον μόχθο των εργατών, που χτίζουν τα θεμέλια της ανθρώπινης κοινωνίας.<br>Τα αποκαλυπτήρια τελέσθηκαν την 20η Σεπτεμβρίου 2024 από την Α.Ε. ΤΗΝ ΠΡΟΕΔΡΟ ΤΗΣ ΔΗΜΟΚΡΑΤΙΑΣ ΚΑΤΕΡΙΝΑ ΣΑΚΕΛΛΑΡΟΠΟΥΛΟΥ<br>Ανεγέρθη επί Δημαρχίας Βασιλείου Γιαννάκη και επί Προεδρίας του Εργατοϋπαλληλικού Κέντρου Φλώρινας Κωνσταντίνου Σιάκου.<br>Σχεδιάστηκε και φιλοτεχνήθηκε από τον γλύπτη Φίλιππο Καλαμάρα.",ορείχαλκος,,"Βρίσκεται στον κυκλικό κόμβο που σχηματίζεται στη διασταύρωση των οδών Στεφάνου Δραγούμη, Αρριανού, Σαρανταπόρου και Λεωφόρου Μακεδονομάχων.",βόρεια,νησίδα,http://www.learn4change.gr/files/statues-photos/800px/ergatis.jpg,http://www.learn4change.gr/files/statues-photos/thumbnails/ergatis.png,"40.78179546284862, 21.408326622662518"
Η ΔΟΞΟΛΟΓΙΑ ΤΗΣ ΑΠΕΛΕΥΘΕΡΩΣΕΩΣ,ψυχρό,ΕΝΝΟΙΕΣ,ΕΛΕΥΘΕΡΙΑ,"Μνημείο αφιερωμένο στη δοξολογία που έγινε για την Απελευθέρωση της Φλώρινας από τους Οθωμανούς το 1912. Στο ζωγραφικό έργο εικονίζονται: Αριστερά ο ο αρχιστράτηγος και διάδοχος Κωνσταντίνος, εκπρόσωποι της στρατιωτικής και πολιτικής ηγεσίας, λαϊκοί (άντρες και γυναίκες) και παιδιά, ελληνικές σημαίες και στο παρασκήνιο μια κατοικία και μια κρήνη. Δεξιά ο μητροπολίτης Φλωρίνης Πολύκαρπος, ιερείς, λαϊκοί και παιδιά, εικόνα του Αγίου Γεωργίου, λάβαρο με τον Χριστό και εξαπτέρυγα και στο παρασκήνιο ναός με καμπαναριό και στοιχεία φυσικού περιβάλλοντος.",ρεαλιστική,Νεότερη,20ός αι.,άνδρας+γυναίκα,2019-07-15,2019,2011-2020,αναθηματικός τοίχος,Χατζής Γεώργιος,Φλώρινα,,«Επί σε ήλπισαν και ηλευθέρωσας αυτούς (ψαλμ.22-4)»,λαδομπογιά,Ζωγραφική με λαδομπογιά,"Βρίσκεται στην αυλή του Αγίου Γεωργίου Φλώρινας, αριστερά καθώς ανεβαίνουμε τις σκάλες της εισόδου.",δυτικά,αυλή,http://www.learn4change.gr/files/statues-photos/800px/doxologia.jpg,http://www.learn4change.gr/files/statues-photos/thumbnails/doxologia.png,"40.77655732353824, 21.413376037965193"
ΠΕΣΟΝΤΕΣ ΔΙΑΒΙΒΑΣΤΕΣ ΤΟΥ 496 Τ.ΔΒ.,ψυχρό,ΕΝΟΠΛΗ ΒΙΑ,ΕΜΦΥΛΙΟΣ ΠΟΛΕΜΟΣ,"Το απόγευμα της Δευτέρας 8 Αυγούστου 1949, στο κτίριο του Γυμνασίου της Φλώρινας (σημερινό 3ο Γυμνάσιο, στο ποτάμι της πόλης), όπου είχε έδρα το 496 Τάγμα Διαβιβάσεων,  οι νεαροί διαβιβαστές συγκεντρώθηκαν για να πάρουν το βραδινό τους φαγητό. Όμως, έγιναν αντιληπτοί από τα παρατηρητήρια των ανταρτών του Δημοκρατικού Στρατού Ελλάδας, οι οποίοι με κανόνια έβαλαν εναντίον των διαβιβαστών. Μία από τις οβίδες πέτυχε τους συγκεντρωμένους. Το αποτέλεσμα ήταν να σκοτωθούν 29 στρατιώτες.",ρεαλιστική,Νεότερη,20ός αι.,άνδρας,2025-11-01,2025,2021-2030,αναθηματικός τοίχος,Άγνωστος,Άγνωστη,Φιλεκπαιδευτικός Σύλλογος Φλώρινας <i>Ο Αριστοτέλης</i>,Παίδες Ελλήνων ανδρείοι αγήρατον κλέος έλαβον ανόμοις χερσί φονευθέντες πεσόντες διαβιβαστές του 496 Τ.ΔΒ. του Ε.Σ. στις 8 Αυγούστου 1949,μάρμαρο,Χαρακτική σε μάρμαρο.,"Η μαρμάρινη πλάκα βρίσκεται εντοιχισμένη στη ΒΑ γωνία του κτιρίου του Φ.Σ.Φ. <i>Ο Αριστοτέλης</i>, με όψη προς την ανατολή. Αποτελεί μέρος του μνημειακού συνόλου που βρίσκεται στο ανατολικό μέρος της Πλατείας Επτά Ηρώων, στην αυλή μπροστά από το κτίριο του <i>Αριστοτέλη</i>  και εν μέρει στην Πλατεία, μαζί με τον ανδριάντα του Αριστοτέλη, το μνημείο των Επτά Ηρώων, την προτομή του Θ. Θωμαΐδη και το άγαλμα του νέου (ποταμός Σακουλέβας), έξω από την αυλή. ",ανατολικά,πλατεία,http://www.learn4change.gr/files/statues-photos/800px/8-8-1949.png,http://www.learn4change.gr/files/statues-photos/thumbnails/8-8-1949.png,"40.77794380966344, 21.404043592128037"
